round,client_i,client_j,model_name,dataset,alpha,layer_index,layer_name,cka_diagonal
1,0,1,vim_tiny,cifar10,0.3,0,base.patch_embed,0.940146
1,0,1,vim_tiny,cifar10,0.3,1,base.layers.0.mixer,0.841360
1,0,1,vim_tiny,cifar10,0.3,2,base.layers.1.mixer,0.930036
1,0,1,vim_tiny,cifar10,0.3,3,base.layers.2.mixer,0.747711
1,0,1,vim_tiny,cifar10,0.3,4,base.layers.3.mixer,0.836234
1,0,1,vim_tiny,cifar10,0.3,5,base.layers.4.mixer,0.892238
1,0,1,vim_tiny,cifar10,0.3,6,base.layers.5.mixer,0.873368
1,0,1,vim_tiny,cifar10,0.3,7,base.layers.6.mixer,0.816717
1,0,1,vim_tiny,cifar10,0.3,8,base.layers.7.mixer,0.938562
1,0,1,vim_tiny,cifar10,0.3,9,base.layers.8.mixer,0.960644
1,0,1,vim_tiny,cifar10,0.3,10,base.layers.9.mixer,0.943797
1,0,1,vim_tiny,cifar10,0.3,11,base.layers.10.mixer,0.915151
1,0,1,vim_tiny,cifar10,0.3,12,base.layers.11.mixer,0.771104
1,0,1,vim_tiny,cifar10,0.3,13,classifier,0.734443
1,0,2,vim_tiny,cifar10,0.3,0,base.patch_embed,0.991319
1,0,2,vim_tiny,cifar10,0.3,1,base.layers.0.mixer,0.828272
1,0,2,vim_tiny,cifar10,0.3,2,base.layers.1.mixer,0.856712
1,0,2,vim_tiny,cifar10,0.3,3,base.layers.2.mixer,0.946816
1,0,2,vim_tiny,cifar10,0.3,4,base.layers.3.mixer,0.427723
1,0,2,vim_tiny,cifar10,0.3,5,base.layers.4.mixer,0.930226
1,0,2,vim_tiny,cifar10,0.3,6,base.layers.5.mixer,0.933968
1,0,2,vim_tiny,cifar10,0.3,7,base.layers.6.mixer,0.934061
1,0,2,vim_tiny,cifar10,0.3,8,base.layers.7.mixer,0.960188
1,0,2,vim_tiny,cifar10,0.3,9,base.layers.8.mixer,0.958841
1,0,2,vim_tiny,cifar10,0.3,10,base.layers.9.mixer,0.957950
1,0,2,vim_tiny,cifar10,0.3,11,base.layers.10.mixer,0.930886
1,0,2,vim_tiny,cifar10,0.3,12,base.layers.11.mixer,0.884327
1,0,2,vim_tiny,cifar10,0.3,13,classifier,0.837158
1,0,3,vim_tiny,cifar10,0.3,0,base.patch_embed,0.987853
1,0,3,vim_tiny,cifar10,0.3,1,base.layers.0.mixer,0.838146
1,0,3,vim_tiny,cifar10,0.3,2,base.layers.1.mixer,0.877345
1,0,3,vim_tiny,cifar10,0.3,3,base.layers.2.mixer,0.959417
1,0,3,vim_tiny,cifar10,0.3,4,base.layers.3.mixer,0.394553
1,0,3,vim_tiny,cifar10,0.3,5,base.layers.4.mixer,0.874657
1,0,3,vim_tiny,cifar10,0.3,6,base.layers.5.mixer,0.947589
1,0,3,vim_tiny,cifar10,0.3,7,base.layers.6.mixer,0.897333
1,0,3,vim_tiny,cifar10,0.3,8,base.layers.7.mixer,0.956509
1,0,3,vim_tiny,cifar10,0.3,9,base.layers.8.mixer,0.958859
1,0,3,vim_tiny,cifar10,0.3,10,base.layers.9.mixer,0.934798
1,0,3,vim_tiny,cifar10,0.3,11,base.layers.10.mixer,0.933489
1,0,3,vim_tiny,cifar10,0.3,12,base.layers.11.mixer,0.937753
1,0,3,vim_tiny,cifar10,0.3,13,classifier,0.331283
1,0,4,vim_tiny,cifar10,0.3,0,base.patch_embed,0.982806
1,0,4,vim_tiny,cifar10,0.3,1,base.layers.0.mixer,0.810859
1,0,4,vim_tiny,cifar10,0.3,2,base.layers.1.mixer,0.881772
1,0,4,vim_tiny,cifar10,0.3,3,base.layers.2.mixer,0.952391
1,0,4,vim_tiny,cifar10,0.3,4,base.layers.3.mixer,0.335482
1,0,4,vim_tiny,cifar10,0.3,5,base.layers.4.mixer,0.899319
1,0,4,vim_tiny,cifar10,0.3,6,base.layers.5.mixer,0.894688
1,0,4,vim_tiny,cifar10,0.3,7,base.layers.6.mixer,0.875829
1,0,4,vim_tiny,cifar10,0.3,8,base.layers.7.mixer,0.955416
1,0,4,vim_tiny,cifar10,0.3,9,base.layers.8.mixer,0.906942
1,0,4,vim_tiny,cifar10,0.3,10,base.layers.9.mixer,0.935401
1,0,4,vim_tiny,cifar10,0.3,11,base.layers.10.mixer,0.934969
1,0,4,vim_tiny,cifar10,0.3,12,base.layers.11.mixer,0.939354
1,0,4,vim_tiny,cifar10,0.3,13,classifier,0.628521
1,0,5,vim_tiny,cifar10,0.3,0,base.patch_embed,0.966216
1,0,5,vim_tiny,cifar10,0.3,1,base.layers.0.mixer,0.709733
1,0,5,vim_tiny,cifar10,0.3,2,base.layers.1.mixer,0.769913
1,0,5,vim_tiny,cifar10,0.3,3,base.layers.2.mixer,0.901384
1,0,5,vim_tiny,cifar10,0.3,4,base.layers.3.mixer,0.437128
1,0,5,vim_tiny,cifar10,0.3,5,base.layers.4.mixer,0.720954
1,0,5,vim_tiny,cifar10,0.3,6,base.layers.5.mixer,0.849380
1,0,5,vim_tiny,cifar10,0.3,7,base.layers.6.mixer,0.902903
1,0,5,vim_tiny,cifar10,0.3,8,base.layers.7.mixer,0.922759
1,0,5,vim_tiny,cifar10,0.3,9,base.layers.8.mixer,0.919477
1,0,5,vim_tiny,cifar10,0.3,10,base.layers.9.mixer,0.892726
1,0,5,vim_tiny,cifar10,0.3,11,base.layers.10.mixer,0.878196
1,0,5,vim_tiny,cifar10,0.3,12,base.layers.11.mixer,0.899191
1,0,5,vim_tiny,cifar10,0.3,13,classifier,0.291552
1,0,6,vim_tiny,cifar10,0.3,0,base.patch_embed,0.987559
1,0,6,vim_tiny,cifar10,0.3,1,base.layers.0.mixer,0.834869
1,0,6,vim_tiny,cifar10,0.3,2,base.layers.1.mixer,0.747044
1,0,6,vim_tiny,cifar10,0.3,3,base.layers.2.mixer,0.918809
1,0,6,vim_tiny,cifar10,0.3,4,base.layers.3.mixer,0.380077
1,0,6,vim_tiny,cifar10,0.3,5,base.layers.4.mixer,0.907931
1,0,6,vim_tiny,cifar10,0.3,6,base.layers.5.mixer,0.957282
1,0,6,vim_tiny,cifar10,0.3,7,base.layers.6.mixer,0.885836
1,0,6,vim_tiny,cifar10,0.3,8,base.layers.7.mixer,0.946651
1,0,6,vim_tiny,cifar10,0.3,9,base.layers.8.mixer,0.946029
1,0,6,vim_tiny,cifar10,0.3,10,base.layers.9.mixer,0.940447
1,0,6,vim_tiny,cifar10,0.3,11,base.layers.10.mixer,0.929032
1,0,6,vim_tiny,cifar10,0.3,12,base.layers.11.mixer,0.954718
1,0,6,vim_tiny,cifar10,0.3,13,classifier,0.714832
1,0,7,vim_tiny,cifar10,0.3,0,base.patch_embed,0.981897
1,0,7,vim_tiny,cifar10,0.3,1,base.layers.0.mixer,0.807254
1,0,7,vim_tiny,cifar10,0.3,2,base.layers.1.mixer,0.826697
1,0,7,vim_tiny,cifar10,0.3,3,base.layers.2.mixer,0.909225
1,0,7,vim_tiny,cifar10,0.3,4,base.layers.3.mixer,0.291168
1,0,7,vim_tiny,cifar10,0.3,5,base.layers.4.mixer,0.892336
1,0,7,vim_tiny,cifar10,0.3,6,base.layers.5.mixer,0.797989
1,0,7,vim_tiny,cifar10,0.3,7,base.layers.6.mixer,0.873456
1,0,7,vim_tiny,cifar10,0.3,8,base.layers.7.mixer,0.962194
1,0,7,vim_tiny,cifar10,0.3,9,base.layers.8.mixer,0.939009
1,0,7,vim_tiny,cifar10,0.3,10,base.layers.9.mixer,0.927350
1,0,7,vim_tiny,cifar10,0.3,11,base.layers.10.mixer,0.938032
1,0,7,vim_tiny,cifar10,0.3,12,base.layers.11.mixer,0.960712
1,0,7,vim_tiny,cifar10,0.3,13,classifier,0.487452
1,0,8,vim_tiny,cifar10,0.3,0,base.patch_embed,0.964234
1,0,8,vim_tiny,cifar10,0.3,1,base.layers.0.mixer,0.780145
1,0,8,vim_tiny,cifar10,0.3,2,base.layers.1.mixer,0.918015
1,0,8,vim_tiny,cifar10,0.3,3,base.layers.2.mixer,0.923525
1,0,8,vim_tiny,cifar10,0.3,4,base.layers.3.mixer,0.405461
1,0,8,vim_tiny,cifar10,0.3,5,base.layers.4.mixer,0.874237
1,0,8,vim_tiny,cifar10,0.3,6,base.layers.5.mixer,0.859496
1,0,8,vim_tiny,cifar10,0.3,7,base.layers.6.mixer,0.853494
1,0,8,vim_tiny,cifar10,0.3,8,base.layers.7.mixer,0.911171
1,0,8,vim_tiny,cifar10,0.3,9,base.layers.8.mixer,0.744764
1,0,8,vim_tiny,cifar10,0.3,10,base.layers.9.mixer,0.910659
1,0,8,vim_tiny,cifar10,0.3,11,base.layers.10.mixer,0.742940
1,0,8,vim_tiny,cifar10,0.3,12,base.layers.11.mixer,0.887085
1,0,8,vim_tiny,cifar10,0.3,13,classifier,0.656240
1,0,9,vim_tiny,cifar10,0.3,0,base.patch_embed,0.975579
1,0,9,vim_tiny,cifar10,0.3,1,base.layers.0.mixer,0.844495
1,0,9,vim_tiny,cifar10,0.3,2,base.layers.1.mixer,0.792541
1,0,9,vim_tiny,cifar10,0.3,3,base.layers.2.mixer,0.911870
1,0,9,vim_tiny,cifar10,0.3,4,base.layers.3.mixer,0.458533
1,0,9,vim_tiny,cifar10,0.3,5,base.layers.4.mixer,0.679206
1,0,9,vim_tiny,cifar10,0.3,6,base.layers.5.mixer,0.899176
1,0,9,vim_tiny,cifar10,0.3,7,base.layers.6.mixer,0.791182
1,0,9,vim_tiny,cifar10,0.3,8,base.layers.7.mixer,0.922749
1,0,9,vim_tiny,cifar10,0.3,9,base.layers.8.mixer,0.923617
1,0,9,vim_tiny,cifar10,0.3,10,base.layers.9.mixer,0.918668
1,0,9,vim_tiny,cifar10,0.3,11,base.layers.10.mixer,0.902141
1,0,9,vim_tiny,cifar10,0.3,12,base.layers.11.mixer,0.873392
1,0,9,vim_tiny,cifar10,0.3,13,classifier,0.622475
1,1,2,vim_tiny,cifar10,0.3,0,base.patch_embed,0.951107
1,1,2,vim_tiny,cifar10,0.3,1,base.layers.0.mixer,0.951506
1,1,2,vim_tiny,cifar10,0.3,2,base.layers.1.mixer,0.882639
1,1,2,vim_tiny,cifar10,0.3,3,base.layers.2.mixer,0.787664
1,1,2,vim_tiny,cifar10,0.3,4,base.layers.3.mixer,0.726944
1,1,2,vim_tiny,cifar10,0.3,5,base.layers.4.mixer,0.901489
1,1,2,vim_tiny,cifar10,0.3,6,base.layers.5.mixer,0.851430
1,1,2,vim_tiny,cifar10,0.3,7,base.layers.6.mixer,0.805784
1,1,2,vim_tiny,cifar10,0.3,8,base.layers.7.mixer,0.969806
1,1,2,vim_tiny,cifar10,0.3,9,base.layers.8.mixer,0.957249
1,1,2,vim_tiny,cifar10,0.3,10,base.layers.9.mixer,0.968984
1,1,2,vim_tiny,cifar10,0.3,11,base.layers.10.mixer,0.914038
1,1,2,vim_tiny,cifar10,0.3,12,base.layers.11.mixer,0.718340
1,1,2,vim_tiny,cifar10,0.3,13,classifier,0.846506
1,1,3,vim_tiny,cifar10,0.3,0,base.patch_embed,0.947865
1,1,3,vim_tiny,cifar10,0.3,1,base.layers.0.mixer,0.973438
1,1,3,vim_tiny,cifar10,0.3,2,base.layers.1.mixer,0.919152
1,1,3,vim_tiny,cifar10,0.3,3,base.layers.2.mixer,0.812983
1,1,3,vim_tiny,cifar10,0.3,4,base.layers.3.mixer,0.609542
1,1,3,vim_tiny,cifar10,0.3,5,base.layers.4.mixer,0.932320
1,1,3,vim_tiny,cifar10,0.3,6,base.layers.5.mixer,0.897497
1,1,3,vim_tiny,cifar10,0.3,7,base.layers.6.mixer,0.818213
1,1,3,vim_tiny,cifar10,0.3,8,base.layers.7.mixer,0.964490
1,1,3,vim_tiny,cifar10,0.3,9,base.layers.8.mixer,0.968306
1,1,3,vim_tiny,cifar10,0.3,10,base.layers.9.mixer,0.961720
1,1,3,vim_tiny,cifar10,0.3,11,base.layers.10.mixer,0.899451
1,1,3,vim_tiny,cifar10,0.3,12,base.layers.11.mixer,0.777218
1,1,3,vim_tiny,cifar10,0.3,13,classifier,0.640797
1,1,4,vim_tiny,cifar10,0.3,0,base.patch_embed,0.913809
1,1,4,vim_tiny,cifar10,0.3,1,base.layers.0.mixer,0.940564
1,1,4,vim_tiny,cifar10,0.3,2,base.layers.1.mixer,0.924204
1,1,4,vim_tiny,cifar10,0.3,3,base.layers.2.mixer,0.759076
1,1,4,vim_tiny,cifar10,0.3,4,base.layers.3.mixer,0.599860
1,1,4,vim_tiny,cifar10,0.3,5,base.layers.4.mixer,0.877282
1,1,4,vim_tiny,cifar10,0.3,6,base.layers.5.mixer,0.769342
1,1,4,vim_tiny,cifar10,0.3,7,base.layers.6.mixer,0.686085
1,1,4,vim_tiny,cifar10,0.3,8,base.layers.7.mixer,0.935272
1,1,4,vim_tiny,cifar10,0.3,9,base.layers.8.mixer,0.909807
1,1,4,vim_tiny,cifar10,0.3,10,base.layers.9.mixer,0.946170
1,1,4,vim_tiny,cifar10,0.3,11,base.layers.10.mixer,0.938781
1,1,4,vim_tiny,cifar10,0.3,12,base.layers.11.mixer,0.769267
1,1,4,vim_tiny,cifar10,0.3,13,classifier,0.853456
1,1,5,vim_tiny,cifar10,0.3,0,base.patch_embed,0.970013
1,1,5,vim_tiny,cifar10,0.3,1,base.layers.0.mixer,0.886173
1,1,5,vim_tiny,cifar10,0.3,2,base.layers.1.mixer,0.772880
1,1,5,vim_tiny,cifar10,0.3,3,base.layers.2.mixer,0.683147
1,1,5,vim_tiny,cifar10,0.3,4,base.layers.3.mixer,0.617607
1,1,5,vim_tiny,cifar10,0.3,5,base.layers.4.mixer,0.904054
1,1,5,vim_tiny,cifar10,0.3,6,base.layers.5.mixer,0.747839
1,1,5,vim_tiny,cifar10,0.3,7,base.layers.6.mixer,0.824327
1,1,5,vim_tiny,cifar10,0.3,8,base.layers.7.mixer,0.971008
1,1,5,vim_tiny,cifar10,0.3,9,base.layers.8.mixer,0.953846
1,1,5,vim_tiny,cifar10,0.3,10,base.layers.9.mixer,0.960399
1,1,5,vim_tiny,cifar10,0.3,11,base.layers.10.mixer,0.952287
1,1,5,vim_tiny,cifar10,0.3,12,base.layers.11.mixer,0.733023
1,1,5,vim_tiny,cifar10,0.3,13,classifier,0.641865
1,1,6,vim_tiny,cifar10,0.3,0,base.patch_embed,0.963116
1,1,6,vim_tiny,cifar10,0.3,1,base.layers.0.mixer,0.958878
1,1,6,vim_tiny,cifar10,0.3,2,base.layers.1.mixer,0.764821
1,1,6,vim_tiny,cifar10,0.3,3,base.layers.2.mixer,0.848636
1,1,6,vim_tiny,cifar10,0.3,4,base.layers.3.mixer,0.629647
1,1,6,vim_tiny,cifar10,0.3,5,base.layers.4.mixer,0.922436
1,1,6,vim_tiny,cifar10,0.3,6,base.layers.5.mixer,0.885296
1,1,6,vim_tiny,cifar10,0.3,7,base.layers.6.mixer,0.816597
1,1,6,vim_tiny,cifar10,0.3,8,base.layers.7.mixer,0.971038
1,1,6,vim_tiny,cifar10,0.3,9,base.layers.8.mixer,0.952103
1,1,6,vim_tiny,cifar10,0.3,10,base.layers.9.mixer,0.983268
1,1,6,vim_tiny,cifar10,0.3,11,base.layers.10.mixer,0.961691
1,1,6,vim_tiny,cifar10,0.3,12,base.layers.11.mixer,0.811436
1,1,6,vim_tiny,cifar10,0.3,13,classifier,0.941467
1,1,7,vim_tiny,cifar10,0.3,0,base.patch_embed,0.908821
1,1,7,vim_tiny,cifar10,0.3,1,base.layers.0.mixer,0.922056
1,1,7,vim_tiny,cifar10,0.3,2,base.layers.1.mixer,0.908146
1,1,7,vim_tiny,cifar10,0.3,3,base.layers.2.mixer,0.699173
1,1,7,vim_tiny,cifar10,0.3,4,base.layers.3.mixer,0.533005
1,1,7,vim_tiny,cifar10,0.3,5,base.layers.4.mixer,0.887091
1,1,7,vim_tiny,cifar10,0.3,6,base.layers.5.mixer,0.649988
1,1,7,vim_tiny,cifar10,0.3,7,base.layers.6.mixer,0.677520
1,1,7,vim_tiny,cifar10,0.3,8,base.layers.7.mixer,0.942679
1,1,7,vim_tiny,cifar10,0.3,9,base.layers.8.mixer,0.928166
1,1,7,vim_tiny,cifar10,0.3,10,base.layers.9.mixer,0.939405
1,1,7,vim_tiny,cifar10,0.3,11,base.layers.10.mixer,0.927949
1,1,7,vim_tiny,cifar10,0.3,12,base.layers.11.mixer,0.788735
1,1,7,vim_tiny,cifar10,0.3,13,classifier,0.609314
1,1,8,vim_tiny,cifar10,0.3,0,base.patch_embed,0.961997
1,1,8,vim_tiny,cifar10,0.3,1,base.layers.0.mixer,0.911267
1,1,8,vim_tiny,cifar10,0.3,2,base.layers.1.mixer,0.939742
1,1,8,vim_tiny,cifar10,0.3,3,base.layers.2.mixer,0.838983
1,1,8,vim_tiny,cifar10,0.3,4,base.layers.3.mixer,0.642898
1,1,8,vim_tiny,cifar10,0.3,5,base.layers.4.mixer,0.919117
1,1,8,vim_tiny,cifar10,0.3,6,base.layers.5.mixer,0.821786
1,1,8,vim_tiny,cifar10,0.3,7,base.layers.6.mixer,0.848320
1,1,8,vim_tiny,cifar10,0.3,8,base.layers.7.mixer,0.937268
1,1,8,vim_tiny,cifar10,0.3,9,base.layers.8.mixer,0.803581
1,1,8,vim_tiny,cifar10,0.3,10,base.layers.9.mixer,0.953747
1,1,8,vim_tiny,cifar10,0.3,11,base.layers.10.mixer,0.859279
1,1,8,vim_tiny,cifar10,0.3,12,base.layers.11.mixer,0.774472
1,1,8,vim_tiny,cifar10,0.3,13,classifier,0.792054
1,1,9,vim_tiny,cifar10,0.3,0,base.patch_embed,0.982234
1,1,9,vim_tiny,cifar10,0.3,1,base.layers.0.mixer,0.939954
1,1,9,vim_tiny,cifar10,0.3,2,base.layers.1.mixer,0.785187
1,1,9,vim_tiny,cifar10,0.3,3,base.layers.2.mixer,0.903544
1,1,9,vim_tiny,cifar10,0.3,4,base.layers.3.mixer,0.692741
1,1,9,vim_tiny,cifar10,0.3,5,base.layers.4.mixer,0.853533
1,1,9,vim_tiny,cifar10,0.3,6,base.layers.5.mixer,0.914777
1,1,9,vim_tiny,cifar10,0.3,7,base.layers.6.mixer,0.760217
1,1,9,vim_tiny,cifar10,0.3,8,base.layers.7.mixer,0.949766
1,1,9,vim_tiny,cifar10,0.3,9,base.layers.8.mixer,0.937086
1,1,9,vim_tiny,cifar10,0.3,10,base.layers.9.mixer,0.959628
1,1,9,vim_tiny,cifar10,0.3,11,base.layers.10.mixer,0.947587
1,1,9,vim_tiny,cifar10,0.3,12,base.layers.11.mixer,0.860297
1,1,9,vim_tiny,cifar10,0.3,13,classifier,0.896604
1,2,3,vim_tiny,cifar10,0.3,0,base.patch_embed,0.991788
1,2,3,vim_tiny,cifar10,0.3,1,base.layers.0.mixer,0.970142
1,2,3,vim_tiny,cifar10,0.3,2,base.layers.1.mixer,0.763128
1,2,3,vim_tiny,cifar10,0.3,3,base.layers.2.mixer,0.955783
1,2,3,vim_tiny,cifar10,0.3,4,base.layers.3.mixer,0.919265
1,2,3,vim_tiny,cifar10,0.3,5,base.layers.4.mixer,0.867988
1,2,3,vim_tiny,cifar10,0.3,6,base.layers.5.mixer,0.928364
1,2,3,vim_tiny,cifar10,0.3,7,base.layers.6.mixer,0.934493
1,2,3,vim_tiny,cifar10,0.3,8,base.layers.7.mixer,0.968446
1,2,3,vim_tiny,cifar10,0.3,9,base.layers.8.mixer,0.982906
1,2,3,vim_tiny,cifar10,0.3,10,base.layers.9.mixer,0.987261
1,2,3,vim_tiny,cifar10,0.3,11,base.layers.10.mixer,0.944426
1,2,3,vim_tiny,cifar10,0.3,12,base.layers.11.mixer,0.881741
1,2,3,vim_tiny,cifar10,0.3,13,classifier,0.460192
1,2,4,vim_tiny,cifar10,0.3,0,base.patch_embed,0.987141
1,2,4,vim_tiny,cifar10,0.3,1,base.layers.0.mixer,0.961506
1,2,4,vim_tiny,cifar10,0.3,2,base.layers.1.mixer,0.884655
1,2,4,vim_tiny,cifar10,0.3,3,base.layers.2.mixer,0.913203
1,2,4,vim_tiny,cifar10,0.3,4,base.layers.3.mixer,0.950014
1,2,4,vim_tiny,cifar10,0.3,5,base.layers.4.mixer,0.929350
1,2,4,vim_tiny,cifar10,0.3,6,base.layers.5.mixer,0.936909
1,2,4,vim_tiny,cifar10,0.3,7,base.layers.6.mixer,0.949219
1,2,4,vim_tiny,cifar10,0.3,8,base.layers.7.mixer,0.946211
1,2,4,vim_tiny,cifar10,0.3,9,base.layers.8.mixer,0.959452
1,2,4,vim_tiny,cifar10,0.3,10,base.layers.9.mixer,0.984159
1,2,4,vim_tiny,cifar10,0.3,11,base.layers.10.mixer,0.925879
1,2,4,vim_tiny,cifar10,0.3,12,base.layers.11.mixer,0.952226
1,2,4,vim_tiny,cifar10,0.3,13,classifier,0.742767
1,2,5,vim_tiny,cifar10,0.3,0,base.patch_embed,0.964346
1,2,5,vim_tiny,cifar10,0.3,1,base.layers.0.mixer,0.891844
1,2,5,vim_tiny,cifar10,0.3,2,base.layers.1.mixer,0.823430
1,2,5,vim_tiny,cifar10,0.3,3,base.layers.2.mixer,0.835823
1,2,5,vim_tiny,cifar10,0.3,4,base.layers.3.mixer,0.824460
1,2,5,vim_tiny,cifar10,0.3,5,base.layers.4.mixer,0.746824
1,2,5,vim_tiny,cifar10,0.3,6,base.layers.5.mixer,0.737825
1,2,5,vim_tiny,cifar10,0.3,7,base.layers.6.mixer,0.903659
1,2,5,vim_tiny,cifar10,0.3,8,base.layers.7.mixer,0.965721
1,2,5,vim_tiny,cifar10,0.3,9,base.layers.8.mixer,0.929492
1,2,5,vim_tiny,cifar10,0.3,10,base.layers.9.mixer,0.941014
1,2,5,vim_tiny,cifar10,0.3,11,base.layers.10.mixer,0.873475
1,2,5,vim_tiny,cifar10,0.3,12,base.layers.11.mixer,0.783948
1,2,5,vim_tiny,cifar10,0.3,13,classifier,0.393004
1,2,6,vim_tiny,cifar10,0.3,0,base.patch_embed,0.986985
1,2,6,vim_tiny,cifar10,0.3,1,base.layers.0.mixer,0.960274
1,2,6,vim_tiny,cifar10,0.3,2,base.layers.1.mixer,0.774340
1,2,6,vim_tiny,cifar10,0.3,3,base.layers.2.mixer,0.933151
1,2,6,vim_tiny,cifar10,0.3,4,base.layers.3.mixer,0.942866
1,2,6,vim_tiny,cifar10,0.3,5,base.layers.4.mixer,0.907390
1,2,6,vim_tiny,cifar10,0.3,6,base.layers.5.mixer,0.964858
1,2,6,vim_tiny,cifar10,0.3,7,base.layers.6.mixer,0.923873
1,2,6,vim_tiny,cifar10,0.3,8,base.layers.7.mixer,0.967324
1,2,6,vim_tiny,cifar10,0.3,9,base.layers.8.mixer,0.947181
1,2,6,vim_tiny,cifar10,0.3,10,base.layers.9.mixer,0.978243
1,2,6,vim_tiny,cifar10,0.3,11,base.layers.10.mixer,0.938522
1,2,6,vim_tiny,cifar10,0.3,12,base.layers.11.mixer,0.909171
1,2,6,vim_tiny,cifar10,0.3,13,classifier,0.843097
1,2,7,vim_tiny,cifar10,0.3,0,base.patch_embed,0.987627
1,2,7,vim_tiny,cifar10,0.3,1,base.layers.0.mixer,0.976613
1,2,7,vim_tiny,cifar10,0.3,2,base.layers.1.mixer,0.761787
1,2,7,vim_tiny,cifar10,0.3,3,base.layers.2.mixer,0.895838
1,2,7,vim_tiny,cifar10,0.3,4,base.layers.3.mixer,0.879445
1,2,7,vim_tiny,cifar10,0.3,5,base.layers.4.mixer,0.956301
1,2,7,vim_tiny,cifar10,0.3,6,base.layers.5.mixer,0.865552
1,2,7,vim_tiny,cifar10,0.3,7,base.layers.6.mixer,0.937509
1,2,7,vim_tiny,cifar10,0.3,8,base.layers.7.mixer,0.952893
1,2,7,vim_tiny,cifar10,0.3,9,base.layers.8.mixer,0.960528
1,2,7,vim_tiny,cifar10,0.3,10,base.layers.9.mixer,0.981678
1,2,7,vim_tiny,cifar10,0.3,11,base.layers.10.mixer,0.896858
1,2,7,vim_tiny,cifar10,0.3,12,base.layers.11.mixer,0.861468
1,2,7,vim_tiny,cifar10,0.3,13,classifier,0.586637
1,2,8,vim_tiny,cifar10,0.3,0,base.patch_embed,0.949941
1,2,8,vim_tiny,cifar10,0.3,1,base.layers.0.mixer,0.877075
1,2,8,vim_tiny,cifar10,0.3,2,base.layers.1.mixer,0.908726
1,2,8,vim_tiny,cifar10,0.3,3,base.layers.2.mixer,0.918824
1,2,8,vim_tiny,cifar10,0.3,4,base.layers.3.mixer,0.893025
1,2,8,vim_tiny,cifar10,0.3,5,base.layers.4.mixer,0.921158
1,2,8,vim_tiny,cifar10,0.3,6,base.layers.5.mixer,0.746316
1,2,8,vim_tiny,cifar10,0.3,7,base.layers.6.mixer,0.845488
1,2,8,vim_tiny,cifar10,0.3,8,base.layers.7.mixer,0.945823
1,2,8,vim_tiny,cifar10,0.3,9,base.layers.8.mixer,0.771541
1,2,8,vim_tiny,cifar10,0.3,10,base.layers.9.mixer,0.939704
1,2,8,vim_tiny,cifar10,0.3,11,base.layers.10.mixer,0.863872
1,2,8,vim_tiny,cifar10,0.3,12,base.layers.11.mixer,0.859647
1,2,8,vim_tiny,cifar10,0.3,13,classifier,0.689790
1,2,9,vim_tiny,cifar10,0.3,0,base.patch_embed,0.980250
1,2,9,vim_tiny,cifar10,0.3,1,base.layers.0.mixer,0.881508
1,2,9,vim_tiny,cifar10,0.3,2,base.layers.1.mixer,0.794609
1,2,9,vim_tiny,cifar10,0.3,3,base.layers.2.mixer,0.932104
1,2,9,vim_tiny,cifar10,0.3,4,base.layers.3.mixer,0.910130
1,2,9,vim_tiny,cifar10,0.3,5,base.layers.4.mixer,0.775482
1,2,9,vim_tiny,cifar10,0.3,6,base.layers.5.mixer,0.919396
1,2,9,vim_tiny,cifar10,0.3,7,base.layers.6.mixer,0.832608
1,2,9,vim_tiny,cifar10,0.3,8,base.layers.7.mixer,0.961502
1,2,9,vim_tiny,cifar10,0.3,9,base.layers.8.mixer,0.936727
1,2,9,vim_tiny,cifar10,0.3,10,base.layers.9.mixer,0.968106
1,2,9,vim_tiny,cifar10,0.3,11,base.layers.10.mixer,0.907305
1,2,9,vim_tiny,cifar10,0.3,12,base.layers.11.mixer,0.834188
1,2,9,vim_tiny,cifar10,0.3,13,classifier,0.780006
1,3,4,vim_tiny,cifar10,0.3,0,base.patch_embed,0.994052
1,3,4,vim_tiny,cifar10,0.3,1,base.layers.0.mixer,0.980203
1,3,4,vim_tiny,cifar10,0.3,2,base.layers.1.mixer,0.876301
1,3,4,vim_tiny,cifar10,0.3,3,base.layers.2.mixer,0.958380
1,3,4,vim_tiny,cifar10,0.3,4,base.layers.3.mixer,0.981813
1,3,4,vim_tiny,cifar10,0.3,5,base.layers.4.mixer,0.850739
1,3,4,vim_tiny,cifar10,0.3,6,base.layers.5.mixer,0.910269
1,3,4,vim_tiny,cifar10,0.3,7,base.layers.6.mixer,0.921218
1,3,4,vim_tiny,cifar10,0.3,8,base.layers.7.mixer,0.980553
1,3,4,vim_tiny,cifar10,0.3,9,base.layers.8.mixer,0.972255
1,3,4,vim_tiny,cifar10,0.3,10,base.layers.9.mixer,0.982396
1,3,4,vim_tiny,cifar10,0.3,11,base.layers.10.mixer,0.933999
1,3,4,vim_tiny,cifar10,0.3,12,base.layers.11.mixer,0.969940
1,3,4,vim_tiny,cifar10,0.3,13,classifier,0.563442
1,3,5,vim_tiny,cifar10,0.3,0,base.patch_embed,0.983148
1,3,5,vim_tiny,cifar10,0.3,1,base.layers.0.mixer,0.925871
1,3,5,vim_tiny,cifar10,0.3,2,base.layers.1.mixer,0.712899
1,3,5,vim_tiny,cifar10,0.3,3,base.layers.2.mixer,0.924050
1,3,5,vim_tiny,cifar10,0.3,4,base.layers.3.mixer,0.915977
1,3,5,vim_tiny,cifar10,0.3,5,base.layers.4.mixer,0.857190
1,3,5,vim_tiny,cifar10,0.3,6,base.layers.5.mixer,0.840235
1,3,5,vim_tiny,cifar10,0.3,7,base.layers.6.mixer,0.911590
1,3,5,vim_tiny,cifar10,0.3,8,base.layers.7.mixer,0.965213
1,3,5,vim_tiny,cifar10,0.3,9,base.layers.8.mixer,0.953767
1,3,5,vim_tiny,cifar10,0.3,10,base.layers.9.mixer,0.954384
1,3,5,vim_tiny,cifar10,0.3,11,base.layers.10.mixer,0.841294
1,3,5,vim_tiny,cifar10,0.3,12,base.layers.11.mixer,0.972047
1,3,5,vim_tiny,cifar10,0.3,13,classifier,0.940464
1,3,6,vim_tiny,cifar10,0.3,0,base.patch_embed,0.996826
1,3,6,vim_tiny,cifar10,0.3,1,base.layers.0.mixer,0.951001
1,3,6,vim_tiny,cifar10,0.3,2,base.layers.1.mixer,0.682033
1,3,6,vim_tiny,cifar10,0.3,3,base.layers.2.mixer,0.954707
1,3,6,vim_tiny,cifar10,0.3,4,base.layers.3.mixer,0.951315
1,3,6,vim_tiny,cifar10,0.3,5,base.layers.4.mixer,0.915878
1,3,6,vim_tiny,cifar10,0.3,6,base.layers.5.mixer,0.961732
1,3,6,vim_tiny,cifar10,0.3,7,base.layers.6.mixer,0.975147
1,3,6,vim_tiny,cifar10,0.3,8,base.layers.7.mixer,0.980011
1,3,6,vim_tiny,cifar10,0.3,9,base.layers.8.mixer,0.976218
1,3,6,vim_tiny,cifar10,0.3,10,base.layers.9.mixer,0.978159
1,3,6,vim_tiny,cifar10,0.3,11,base.layers.10.mixer,0.925019
1,3,6,vim_tiny,cifar10,0.3,12,base.layers.11.mixer,0.983408
1,3,6,vim_tiny,cifar10,0.3,13,classifier,0.664991
1,3,7,vim_tiny,cifar10,0.3,0,base.patch_embed,0.991445
1,3,7,vim_tiny,cifar10,0.3,1,base.layers.0.mixer,0.955961
1,3,7,vim_tiny,cifar10,0.3,2,base.layers.1.mixer,0.887370
1,3,7,vim_tiny,cifar10,0.3,3,base.layers.2.mixer,0.895176
1,3,7,vim_tiny,cifar10,0.3,4,base.layers.3.mixer,0.965879
1,3,7,vim_tiny,cifar10,0.3,5,base.layers.4.mixer,0.895163
1,3,7,vim_tiny,cifar10,0.3,6,base.layers.5.mixer,0.804556
1,3,7,vim_tiny,cifar10,0.3,7,base.layers.6.mixer,0.920450
1,3,7,vim_tiny,cifar10,0.3,8,base.layers.7.mixer,0.982575
1,3,7,vim_tiny,cifar10,0.3,9,base.layers.8.mixer,0.978379
1,3,7,vim_tiny,cifar10,0.3,10,base.layers.9.mixer,0.986933
1,3,7,vim_tiny,cifar10,0.3,11,base.layers.10.mixer,0.921609
1,3,7,vim_tiny,cifar10,0.3,12,base.layers.11.mixer,0.957198
1,3,7,vim_tiny,cifar10,0.3,13,classifier,0.292496
1,3,8,vim_tiny,cifar10,0.3,0,base.patch_embed,0.966217
1,3,8,vim_tiny,cifar10,0.3,1,base.layers.0.mixer,0.925658
1,3,8,vim_tiny,cifar10,0.3,2,base.layers.1.mixer,0.856209
1,3,8,vim_tiny,cifar10,0.3,3,base.layers.2.mixer,0.904587
1,3,8,vim_tiny,cifar10,0.3,4,base.layers.3.mixer,0.875964
1,3,8,vim_tiny,cifar10,0.3,5,base.layers.4.mixer,0.920366
1,3,8,vim_tiny,cifar10,0.3,6,base.layers.5.mixer,0.834851
1,3,8,vim_tiny,cifar10,0.3,7,base.layers.6.mixer,0.917860
1,3,8,vim_tiny,cifar10,0.3,8,base.layers.7.mixer,0.911081
1,3,8,vim_tiny,cifar10,0.3,9,base.layers.8.mixer,0.773665
1,3,8,vim_tiny,cifar10,0.3,10,base.layers.9.mixer,0.938721
1,3,8,vim_tiny,cifar10,0.3,11,base.layers.10.mixer,0.817816
1,3,8,vim_tiny,cifar10,0.3,12,base.layers.11.mixer,0.945446
1,3,8,vim_tiny,cifar10,0.3,13,classifier,0.698261
1,3,9,vim_tiny,cifar10,0.3,0,base.patch_embed,0.984009
1,3,9,vim_tiny,cifar10,0.3,1,base.layers.0.mixer,0.922218
1,3,9,vim_tiny,cifar10,0.3,2,base.layers.1.mixer,0.751507
1,3,9,vim_tiny,cifar10,0.3,3,base.layers.2.mixer,0.943057
1,3,9,vim_tiny,cifar10,0.3,4,base.layers.3.mixer,0.863259
1,3,9,vim_tiny,cifar10,0.3,5,base.layers.4.mixer,0.783742
1,3,9,vim_tiny,cifar10,0.3,6,base.layers.5.mixer,0.938871
1,3,9,vim_tiny,cifar10,0.3,7,base.layers.6.mixer,0.868812
1,3,9,vim_tiny,cifar10,0.3,8,base.layers.7.mixer,0.942933
1,3,9,vim_tiny,cifar10,0.3,9,base.layers.8.mixer,0.932729
1,3,9,vim_tiny,cifar10,0.3,10,base.layers.9.mixer,0.956646
1,3,9,vim_tiny,cifar10,0.3,11,base.layers.10.mixer,0.900764
1,3,9,vim_tiny,cifar10,0.3,12,base.layers.11.mixer,0.850641
1,3,9,vim_tiny,cifar10,0.3,13,classifier,0.778878
1,4,5,vim_tiny,cifar10,0.3,0,base.patch_embed,0.959378
1,4,5,vim_tiny,cifar10,0.3,1,base.layers.0.mixer,0.966920
1,4,5,vim_tiny,cifar10,0.3,2,base.layers.1.mixer,0.735958
1,4,5,vim_tiny,cifar10,0.3,3,base.layers.2.mixer,0.906808
1,4,5,vim_tiny,cifar10,0.3,4,base.layers.3.mixer,0.902302
1,4,5,vim_tiny,cifar10,0.3,5,base.layers.4.mixer,0.821712
1,4,5,vim_tiny,cifar10,0.3,6,base.layers.5.mixer,0.788376
1,4,5,vim_tiny,cifar10,0.3,7,base.layers.6.mixer,0.833560
1,4,5,vim_tiny,cifar10,0.3,8,base.layers.7.mixer,0.923584
1,4,5,vim_tiny,cifar10,0.3,9,base.layers.8.mixer,0.888835
1,4,5,vim_tiny,cifar10,0.3,10,base.layers.9.mixer,0.916854
1,4,5,vim_tiny,cifar10,0.3,11,base.layers.10.mixer,0.943234
1,4,5,vim_tiny,cifar10,0.3,12,base.layers.11.mixer,0.907576
1,4,5,vim_tiny,cifar10,0.3,13,classifier,0.546961
1,4,6,vim_tiny,cifar10,0.3,0,base.patch_embed,0.983912
1,4,6,vim_tiny,cifar10,0.3,1,base.layers.0.mixer,0.920929
1,4,6,vim_tiny,cifar10,0.3,2,base.layers.1.mixer,0.767256
1,4,6,vim_tiny,cifar10,0.3,3,base.layers.2.mixer,0.886891
1,4,6,vim_tiny,cifar10,0.3,4,base.layers.3.mixer,0.955744
1,4,6,vim_tiny,cifar10,0.3,5,base.layers.4.mixer,0.949189
1,4,6,vim_tiny,cifar10,0.3,6,base.layers.5.mixer,0.946649
1,4,6,vim_tiny,cifar10,0.3,7,base.layers.6.mixer,0.908544
1,4,6,vim_tiny,cifar10,0.3,8,base.layers.7.mixer,0.951144
1,4,6,vim_tiny,cifar10,0.3,9,base.layers.8.mixer,0.935571
1,4,6,vim_tiny,cifar10,0.3,10,base.layers.9.mixer,0.965521
1,4,6,vim_tiny,cifar10,0.3,11,base.layers.10.mixer,0.982547
1,4,6,vim_tiny,cifar10,0.3,12,base.layers.11.mixer,0.973012
1,4,6,vim_tiny,cifar10,0.3,13,classifier,0.877199
1,4,7,vim_tiny,cifar10,0.3,0,base.patch_embed,0.999526
1,4,7,vim_tiny,cifar10,0.3,1,base.layers.0.mixer,0.956864
1,4,7,vim_tiny,cifar10,0.3,2,base.layers.1.mixer,0.929196
1,4,7,vim_tiny,cifar10,0.3,3,base.layers.2.mixer,0.934464
1,4,7,vim_tiny,cifar10,0.3,4,base.layers.3.mixer,0.960026
1,4,7,vim_tiny,cifar10,0.3,5,base.layers.4.mixer,0.928399
1,4,7,vim_tiny,cifar10,0.3,6,base.layers.5.mixer,0.959973
1,4,7,vim_tiny,cifar10,0.3,7,base.layers.6.mixer,0.993937
1,4,7,vim_tiny,cifar10,0.3,8,base.layers.7.mixer,0.988154
1,4,7,vim_tiny,cifar10,0.3,9,base.layers.8.mixer,0.988410
1,4,7,vim_tiny,cifar10,0.3,10,base.layers.9.mixer,0.994036
1,4,7,vim_tiny,cifar10,0.3,11,base.layers.10.mixer,0.983733
1,4,7,vim_tiny,cifar10,0.3,12,base.layers.11.mixer,0.946280
1,4,7,vim_tiny,cifar10,0.3,13,classifier,0.828976
1,4,8,vim_tiny,cifar10,0.3,0,base.patch_embed,0.937194
1,4,8,vim_tiny,cifar10,0.3,1,base.layers.0.mixer,0.935888
1,4,8,vim_tiny,cifar10,0.3,2,base.layers.1.mixer,0.899839
1,4,8,vim_tiny,cifar10,0.3,3,base.layers.2.mixer,0.887642
1,4,8,vim_tiny,cifar10,0.3,4,base.layers.3.mixer,0.900927
1,4,8,vim_tiny,cifar10,0.3,5,base.layers.4.mixer,0.817588
1,4,8,vim_tiny,cifar10,0.3,6,base.layers.5.mixer,0.737612
1,4,8,vim_tiny,cifar10,0.3,7,base.layers.6.mixer,0.763548
1,4,8,vim_tiny,cifar10,0.3,8,base.layers.7.mixer,0.869155
1,4,8,vim_tiny,cifar10,0.3,9,base.layers.8.mixer,0.687651
1,4,8,vim_tiny,cifar10,0.3,10,base.layers.9.mixer,0.902963
1,4,8,vim_tiny,cifar10,0.3,11,base.layers.10.mixer,0.843808
1,4,8,vim_tiny,cifar10,0.3,12,base.layers.11.mixer,0.924569
1,4,8,vim_tiny,cifar10,0.3,13,classifier,0.613769
1,4,9,vim_tiny,cifar10,0.3,0,base.patch_embed,0.960092
1,4,9,vim_tiny,cifar10,0.3,1,base.layers.0.mixer,0.899233
1,4,9,vim_tiny,cifar10,0.3,2,base.layers.1.mixer,0.847748
1,4,9,vim_tiny,cifar10,0.3,3,base.layers.2.mixer,0.897374
1,4,9,vim_tiny,cifar10,0.3,4,base.layers.3.mixer,0.866659
1,4,9,vim_tiny,cifar10,0.3,5,base.layers.4.mixer,0.819589
1,4,9,vim_tiny,cifar10,0.3,6,base.layers.5.mixer,0.852237
1,4,9,vim_tiny,cifar10,0.3,7,base.layers.6.mixer,0.762746
1,4,9,vim_tiny,cifar10,0.3,8,base.layers.7.mixer,0.919827
1,4,9,vim_tiny,cifar10,0.3,9,base.layers.8.mixer,0.847734
1,4,9,vim_tiny,cifar10,0.3,10,base.layers.9.mixer,0.971025
1,4,9,vim_tiny,cifar10,0.3,11,base.layers.10.mixer,0.966933
1,4,9,vim_tiny,cifar10,0.3,12,base.layers.11.mixer,0.868506
1,4,9,vim_tiny,cifar10,0.3,13,classifier,0.796122
1,5,6,vim_tiny,cifar10,0.3,0,base.patch_embed,0.992808
1,5,6,vim_tiny,cifar10,0.3,1,base.layers.0.mixer,0.870908
1,5,6,vim_tiny,cifar10,0.3,2,base.layers.1.mixer,0.711156
1,5,6,vim_tiny,cifar10,0.3,3,base.layers.2.mixer,0.846958
1,5,6,vim_tiny,cifar10,0.3,4,base.layers.3.mixer,0.859197
1,5,6,vim_tiny,cifar10,0.3,5,base.layers.4.mixer,0.848163
1,5,6,vim_tiny,cifar10,0.3,6,base.layers.5.mixer,0.826335
1,5,6,vim_tiny,cifar10,0.3,7,base.layers.6.mixer,0.936783
1,5,6,vim_tiny,cifar10,0.3,8,base.layers.7.mixer,0.971972
1,5,6,vim_tiny,cifar10,0.3,9,base.layers.8.mixer,0.966100
1,5,6,vim_tiny,cifar10,0.3,10,base.layers.9.mixer,0.963113
1,5,6,vim_tiny,cifar10,0.3,11,base.layers.10.mixer,0.964979
1,5,6,vim_tiny,cifar10,0.3,12,base.layers.11.mixer,0.955560
1,5,6,vim_tiny,cifar10,0.3,13,classifier,0.635903
1,5,7,vim_tiny,cifar10,0.3,0,base.patch_embed,0.952048
1,5,7,vim_tiny,cifar10,0.3,1,base.layers.0.mixer,0.878377
1,5,7,vim_tiny,cifar10,0.3,2,base.layers.1.mixer,0.589773
1,5,7,vim_tiny,cifar10,0.3,3,base.layers.2.mixer,0.852679
1,5,7,vim_tiny,cifar10,0.3,4,base.layers.3.mixer,0.891655
1,5,7,vim_tiny,cifar10,0.3,5,base.layers.4.mixer,0.759590
1,5,7,vim_tiny,cifar10,0.3,6,base.layers.5.mixer,0.703514
1,5,7,vim_tiny,cifar10,0.3,7,base.layers.6.mixer,0.839894
1,5,7,vim_tiny,cifar10,0.3,8,base.layers.7.mixer,0.922453
1,5,7,vim_tiny,cifar10,0.3,9,base.layers.8.mixer,0.907040
1,5,7,vim_tiny,cifar10,0.3,10,base.layers.9.mixer,0.921429
1,5,7,vim_tiny,cifar10,0.3,11,base.layers.10.mixer,0.929584
1,5,7,vim_tiny,cifar10,0.3,12,base.layers.11.mixer,0.921135
1,5,7,vim_tiny,cifar10,0.3,13,classifier,0.254330
1,5,8,vim_tiny,cifar10,0.3,0,base.patch_embed,0.989863
1,5,8,vim_tiny,cifar10,0.3,1,base.layers.0.mixer,0.908314
1,5,8,vim_tiny,cifar10,0.3,2,base.layers.1.mixer,0.825283
1,5,8,vim_tiny,cifar10,0.3,3,base.layers.2.mixer,0.785903
1,5,8,vim_tiny,cifar10,0.3,4,base.layers.3.mixer,0.851044
1,5,8,vim_tiny,cifar10,0.3,5,base.layers.4.mixer,0.770899
1,5,8,vim_tiny,cifar10,0.3,6,base.layers.5.mixer,0.823281
1,5,8,vim_tiny,cifar10,0.3,7,base.layers.6.mixer,0.896702
1,5,8,vim_tiny,cifar10,0.3,8,base.layers.7.mixer,0.951172
1,5,8,vim_tiny,cifar10,0.3,9,base.layers.8.mixer,0.860800
1,5,8,vim_tiny,cifar10,0.3,10,base.layers.9.mixer,0.960017
1,5,8,vim_tiny,cifar10,0.3,11,base.layers.10.mixer,0.855463
1,5,8,vim_tiny,cifar10,0.3,12,base.layers.11.mixer,0.921468
1,5,8,vim_tiny,cifar10,0.3,13,classifier,0.669122
1,5,9,vim_tiny,cifar10,0.3,0,base.patch_embed,0.992283
1,5,9,vim_tiny,cifar10,0.3,1,base.layers.0.mixer,0.860116
1,5,9,vim_tiny,cifar10,0.3,2,base.layers.1.mixer,0.653021
1,5,9,vim_tiny,cifar10,0.3,3,base.layers.2.mixer,0.825052
1,5,9,vim_tiny,cifar10,0.3,4,base.layers.3.mixer,0.841375
1,5,9,vim_tiny,cifar10,0.3,5,base.layers.4.mixer,0.902343
1,5,9,vim_tiny,cifar10,0.3,6,base.layers.5.mixer,0.711380
1,5,9,vim_tiny,cifar10,0.3,7,base.layers.6.mixer,0.866676
1,5,9,vim_tiny,cifar10,0.3,8,base.layers.7.mixer,0.970935
1,5,9,vim_tiny,cifar10,0.3,9,base.layers.8.mixer,0.949363
1,5,9,vim_tiny,cifar10,0.3,10,base.layers.9.mixer,0.929152
1,5,9,vim_tiny,cifar10,0.3,11,base.layers.10.mixer,0.967571
1,5,9,vim_tiny,cifar10,0.3,12,base.layers.11.mixer,0.810177
1,5,9,vim_tiny,cifar10,0.3,13,classifier,0.739459
1,6,7,vim_tiny,cifar10,0.3,0,base.patch_embed,0.979904
1,6,7,vim_tiny,cifar10,0.3,1,base.layers.0.mixer,0.927183
1,6,7,vim_tiny,cifar10,0.3,2,base.layers.1.mixer,0.673230
1,6,7,vim_tiny,cifar10,0.3,3,base.layers.2.mixer,0.798208
1,6,7,vim_tiny,cifar10,0.3,4,base.layers.3.mixer,0.884310
1,6,7,vim_tiny,cifar10,0.3,5,base.layers.4.mixer,0.906744
1,6,7,vim_tiny,cifar10,0.3,6,base.layers.5.mixer,0.857703
1,6,7,vim_tiny,cifar10,0.3,7,base.layers.6.mixer,0.909278
1,6,7,vim_tiny,cifar10,0.3,8,base.layers.7.mixer,0.954149
1,6,7,vim_tiny,cifar10,0.3,9,base.layers.8.mixer,0.956496
1,6,7,vim_tiny,cifar10,0.3,10,base.layers.9.mixer,0.967693
1,6,7,vim_tiny,cifar10,0.3,11,base.layers.10.mixer,0.958638
1,6,7,vim_tiny,cifar10,0.3,12,base.layers.11.mixer,0.951498
1,6,7,vim_tiny,cifar10,0.3,13,classifier,0.637502
1,6,8,vim_tiny,cifar10,0.3,0,base.patch_embed,0.979784
1,6,8,vim_tiny,cifar10,0.3,1,base.layers.0.mixer,0.832002
1,6,8,vim_tiny,cifar10,0.3,2,base.layers.1.mixer,0.759590
1,6,8,vim_tiny,cifar10,0.3,3,base.layers.2.mixer,0.934470
1,6,8,vim_tiny,cifar10,0.3,4,base.layers.3.mixer,0.920066
1,6,8,vim_tiny,cifar10,0.3,5,base.layers.4.mixer,0.872680
1,6,8,vim_tiny,cifar10,0.3,6,base.layers.5.mixer,0.829487
1,6,8,vim_tiny,cifar10,0.3,7,base.layers.6.mixer,0.917306
1,6,8,vim_tiny,cifar10,0.3,8,base.layers.7.mixer,0.939477
1,6,8,vim_tiny,cifar10,0.3,9,base.layers.8.mixer,0.798816
1,6,8,vim_tiny,cifar10,0.3,10,base.layers.9.mixer,0.942421
1,6,8,vim_tiny,cifar10,0.3,11,base.layers.10.mixer,0.880568
1,6,8,vim_tiny,cifar10,0.3,12,base.layers.11.mixer,0.946363
1,6,8,vim_tiny,cifar10,0.3,13,classifier,0.765854
1,6,9,vim_tiny,cifar10,0.3,0,base.patch_embed,0.992426
1,6,9,vim_tiny,cifar10,0.3,1,base.layers.0.mixer,0.907817
1,6,9,vim_tiny,cifar10,0.3,2,base.layers.1.mixer,0.649468
1,6,9,vim_tiny,cifar10,0.3,3,base.layers.2.mixer,0.957626
1,6,9,vim_tiny,cifar10,0.3,4,base.layers.3.mixer,0.929114
1,6,9,vim_tiny,cifar10,0.3,5,base.layers.4.mixer,0.832257
1,6,9,vim_tiny,cifar10,0.3,6,base.layers.5.mixer,0.926842
1,6,9,vim_tiny,cifar10,0.3,7,base.layers.6.mixer,0.883036
1,6,9,vim_tiny,cifar10,0.3,8,base.layers.7.mixer,0.960411
1,6,9,vim_tiny,cifar10,0.3,9,base.layers.8.mixer,0.930050
1,6,9,vim_tiny,cifar10,0.3,10,base.layers.9.mixer,0.979294
1,6,9,vim_tiny,cifar10,0.3,11,base.layers.10.mixer,0.980310
1,6,9,vim_tiny,cifar10,0.3,12,base.layers.11.mixer,0.899438
1,6,9,vim_tiny,cifar10,0.3,13,classifier,0.938751
1,7,8,vim_tiny,cifar10,0.3,0,base.patch_embed,0.928639
1,7,8,vim_tiny,cifar10,0.3,1,base.layers.0.mixer,0.872438
1,7,8,vim_tiny,cifar10,0.3,2,base.layers.1.mixer,0.815151
1,7,8,vim_tiny,cifar10,0.3,3,base.layers.2.mixer,0.826534
1,7,8,vim_tiny,cifar10,0.3,4,base.layers.3.mixer,0.818264
1,7,8,vim_tiny,cifar10,0.3,5,base.layers.4.mixer,0.913443
1,7,8,vim_tiny,cifar10,0.3,6,base.layers.5.mixer,0.595158
1,7,8,vim_tiny,cifar10,0.3,7,base.layers.6.mixer,0.765129
1,7,8,vim_tiny,cifar10,0.3,8,base.layers.7.mixer,0.866461
1,7,8,vim_tiny,cifar10,0.3,9,base.layers.8.mixer,0.704255
1,7,8,vim_tiny,cifar10,0.3,10,base.layers.9.mixer,0.905867
1,7,8,vim_tiny,cifar10,0.3,11,base.layers.10.mixer,0.776540
1,7,8,vim_tiny,cifar10,0.3,12,base.layers.11.mixer,0.877582
1,7,8,vim_tiny,cifar10,0.3,13,classifier,0.357112
1,7,9,vim_tiny,cifar10,0.3,0,base.patch_embed,0.955635
1,7,9,vim_tiny,cifar10,0.3,1,base.layers.0.mixer,0.862571
1,7,9,vim_tiny,cifar10,0.3,2,base.layers.1.mixer,0.764368
1,7,9,vim_tiny,cifar10,0.3,3,base.layers.2.mixer,0.855885
1,7,9,vim_tiny,cifar10,0.3,4,base.layers.3.mixer,0.790837
1,7,9,vim_tiny,cifar10,0.3,5,base.layers.4.mixer,0.783102
1,7,9,vim_tiny,cifar10,0.3,6,base.layers.5.mixer,0.741142
1,7,9,vim_tiny,cifar10,0.3,7,base.layers.6.mixer,0.764015
1,7,9,vim_tiny,cifar10,0.3,8,base.layers.7.mixer,0.904407
1,7,9,vim_tiny,cifar10,0.3,9,base.layers.8.mixer,0.865133
1,7,9,vim_tiny,cifar10,0.3,10,base.layers.9.mixer,0.964387
1,7,9,vim_tiny,cifar10,0.3,11,base.layers.10.mixer,0.940645
1,7,9,vim_tiny,cifar10,0.3,12,base.layers.11.mixer,0.852312
1,7,9,vim_tiny,cifar10,0.3,13,classifier,0.558431
1,8,9,vim_tiny,cifar10,0.3,0,base.patch_embed,0.982099
1,8,9,vim_tiny,cifar10,0.3,1,base.layers.0.mixer,0.903428
1,8,9,vim_tiny,cifar10,0.3,2,base.layers.1.mixer,0.801805
1,8,9,vim_tiny,cifar10,0.3,3,base.layers.2.mixer,0.956028
1,8,9,vim_tiny,cifar10,0.3,4,base.layers.3.mixer,0.874330
1,8,9,vim_tiny,cifar10,0.3,5,base.layers.4.mixer,0.771708
1,8,9,vim_tiny,cifar10,0.3,6,base.layers.5.mixer,0.768901
1,8,9,vim_tiny,cifar10,0.3,7,base.layers.6.mixer,0.907571
1,8,9,vim_tiny,cifar10,0.3,8,base.layers.7.mixer,0.950403
1,8,9,vim_tiny,cifar10,0.3,9,base.layers.8.mixer,0.848467
1,8,9,vim_tiny,cifar10,0.3,10,base.layers.9.mixer,0.911353
1,8,9,vim_tiny,cifar10,0.3,11,base.layers.10.mixer,0.873263
1,8,9,vim_tiny,cifar10,0.3,12,base.layers.11.mixer,0.833647
1,8,9,vim_tiny,cifar10,0.3,13,classifier,0.761855
2,0,1,vim_tiny,cifar10,0.3,0,base.patch_embed,0.923255
2,0,1,vim_tiny,cifar10,0.3,1,base.layers.0.mixer,0.758342
2,0,1,vim_tiny,cifar10,0.3,2,base.layers.1.mixer,0.890140
2,0,1,vim_tiny,cifar10,0.3,3,base.layers.2.mixer,0.748766
2,0,1,vim_tiny,cifar10,0.3,4,base.layers.3.mixer,0.878176
2,0,1,vim_tiny,cifar10,0.3,5,base.layers.4.mixer,0.897968
2,0,1,vim_tiny,cifar10,0.3,6,base.layers.5.mixer,0.873369
2,0,1,vim_tiny,cifar10,0.3,7,base.layers.6.mixer,0.854143
2,0,1,vim_tiny,cifar10,0.3,8,base.layers.7.mixer,0.930730
2,0,1,vim_tiny,cifar10,0.3,9,base.layers.8.mixer,0.922962
2,0,1,vim_tiny,cifar10,0.3,10,base.layers.9.mixer,0.947575
2,0,1,vim_tiny,cifar10,0.3,11,base.layers.10.mixer,0.902989
2,0,1,vim_tiny,cifar10,0.3,12,base.layers.11.mixer,0.913080
2,0,1,vim_tiny,cifar10,0.3,13,classifier,0.562596
2,0,2,vim_tiny,cifar10,0.3,0,base.patch_embed,0.979145
2,0,2,vim_tiny,cifar10,0.3,1,base.layers.0.mixer,0.778844
2,0,2,vim_tiny,cifar10,0.3,2,base.layers.1.mixer,0.850924
2,0,2,vim_tiny,cifar10,0.3,3,base.layers.2.mixer,0.885270
2,0,2,vim_tiny,cifar10,0.3,4,base.layers.3.mixer,0.895299
2,0,2,vim_tiny,cifar10,0.3,5,base.layers.4.mixer,0.908103
2,0,2,vim_tiny,cifar10,0.3,6,base.layers.5.mixer,0.964914
2,0,2,vim_tiny,cifar10,0.3,7,base.layers.6.mixer,0.579317
2,0,2,vim_tiny,cifar10,0.3,8,base.layers.7.mixer,0.969536
2,0,2,vim_tiny,cifar10,0.3,9,base.layers.8.mixer,0.950331
2,0,2,vim_tiny,cifar10,0.3,10,base.layers.9.mixer,0.956591
2,0,2,vim_tiny,cifar10,0.3,11,base.layers.10.mixer,0.946571
2,0,2,vim_tiny,cifar10,0.3,12,base.layers.11.mixer,0.958617
2,0,2,vim_tiny,cifar10,0.3,13,classifier,0.663837
2,0,3,vim_tiny,cifar10,0.3,0,base.patch_embed,0.958284
2,0,3,vim_tiny,cifar10,0.3,1,base.layers.0.mixer,0.797219
2,0,3,vim_tiny,cifar10,0.3,2,base.layers.1.mixer,0.870780
2,0,3,vim_tiny,cifar10,0.3,3,base.layers.2.mixer,0.902193
2,0,3,vim_tiny,cifar10,0.3,4,base.layers.3.mixer,0.711566
2,0,3,vim_tiny,cifar10,0.3,5,base.layers.4.mixer,0.899075
2,0,3,vim_tiny,cifar10,0.3,6,base.layers.5.mixer,0.927682
2,0,3,vim_tiny,cifar10,0.3,7,base.layers.6.mixer,0.563168
2,0,3,vim_tiny,cifar10,0.3,8,base.layers.7.mixer,0.926244
2,0,3,vim_tiny,cifar10,0.3,9,base.layers.8.mixer,0.950927
2,0,3,vim_tiny,cifar10,0.3,10,base.layers.9.mixer,0.954468
2,0,3,vim_tiny,cifar10,0.3,11,base.layers.10.mixer,0.954334
2,0,3,vim_tiny,cifar10,0.3,12,base.layers.11.mixer,0.934149
2,0,3,vim_tiny,cifar10,0.3,13,classifier,0.359776
2,0,4,vim_tiny,cifar10,0.3,0,base.patch_embed,0.923065
2,0,4,vim_tiny,cifar10,0.3,1,base.layers.0.mixer,0.839257
2,0,4,vim_tiny,cifar10,0.3,2,base.layers.1.mixer,0.836643
2,0,4,vim_tiny,cifar10,0.3,3,base.layers.2.mixer,0.883057
2,0,4,vim_tiny,cifar10,0.3,4,base.layers.3.mixer,0.623620
2,0,4,vim_tiny,cifar10,0.3,5,base.layers.4.mixer,0.890921
2,0,4,vim_tiny,cifar10,0.3,6,base.layers.5.mixer,0.837570
2,0,4,vim_tiny,cifar10,0.3,7,base.layers.6.mixer,0.840104
2,0,4,vim_tiny,cifar10,0.3,8,base.layers.7.mixer,0.927114
2,0,4,vim_tiny,cifar10,0.3,9,base.layers.8.mixer,0.923277
2,0,4,vim_tiny,cifar10,0.3,10,base.layers.9.mixer,0.964809
2,0,4,vim_tiny,cifar10,0.3,11,base.layers.10.mixer,0.895279
2,0,4,vim_tiny,cifar10,0.3,12,base.layers.11.mixer,0.958517
2,0,4,vim_tiny,cifar10,0.3,13,classifier,0.538648
2,0,5,vim_tiny,cifar10,0.3,0,base.patch_embed,0.918709
2,0,5,vim_tiny,cifar10,0.3,1,base.layers.0.mixer,0.734124
2,0,5,vim_tiny,cifar10,0.3,2,base.layers.1.mixer,0.715657
2,0,5,vim_tiny,cifar10,0.3,3,base.layers.2.mixer,0.873917
2,0,5,vim_tiny,cifar10,0.3,4,base.layers.3.mixer,0.491931
2,0,5,vim_tiny,cifar10,0.3,5,base.layers.4.mixer,0.922662
2,0,5,vim_tiny,cifar10,0.3,6,base.layers.5.mixer,0.865822
2,0,5,vim_tiny,cifar10,0.3,7,base.layers.6.mixer,0.532797
2,0,5,vim_tiny,cifar10,0.3,8,base.layers.7.mixer,0.926499
2,0,5,vim_tiny,cifar10,0.3,9,base.layers.8.mixer,0.924502
2,0,5,vim_tiny,cifar10,0.3,10,base.layers.9.mixer,0.949145
2,0,5,vim_tiny,cifar10,0.3,11,base.layers.10.mixer,0.875336
2,0,5,vim_tiny,cifar10,0.3,12,base.layers.11.mixer,0.930287
2,0,5,vim_tiny,cifar10,0.3,13,classifier,0.473789
2,0,6,vim_tiny,cifar10,0.3,0,base.patch_embed,0.987667
2,0,6,vim_tiny,cifar10,0.3,1,base.layers.0.mixer,0.901838
2,0,6,vim_tiny,cifar10,0.3,2,base.layers.1.mixer,0.908505
2,0,6,vim_tiny,cifar10,0.3,3,base.layers.2.mixer,0.882280
2,0,6,vim_tiny,cifar10,0.3,4,base.layers.3.mixer,0.640113
2,0,6,vim_tiny,cifar10,0.3,5,base.layers.4.mixer,0.879491
2,0,6,vim_tiny,cifar10,0.3,6,base.layers.5.mixer,0.937640
2,0,6,vim_tiny,cifar10,0.3,7,base.layers.6.mixer,0.528113
2,0,6,vim_tiny,cifar10,0.3,8,base.layers.7.mixer,0.950960
2,0,6,vim_tiny,cifar10,0.3,9,base.layers.8.mixer,0.967454
2,0,6,vim_tiny,cifar10,0.3,10,base.layers.9.mixer,0.973646
2,0,6,vim_tiny,cifar10,0.3,11,base.layers.10.mixer,0.931322
2,0,6,vim_tiny,cifar10,0.3,12,base.layers.11.mixer,0.970427
2,0,6,vim_tiny,cifar10,0.3,13,classifier,0.584166
2,0,7,vim_tiny,cifar10,0.3,0,base.patch_embed,0.971465
2,0,7,vim_tiny,cifar10,0.3,1,base.layers.0.mixer,0.878115
2,0,7,vim_tiny,cifar10,0.3,2,base.layers.1.mixer,0.812912
2,0,7,vim_tiny,cifar10,0.3,3,base.layers.2.mixer,0.957725
2,0,7,vim_tiny,cifar10,0.3,4,base.layers.3.mixer,0.540788
2,0,7,vim_tiny,cifar10,0.3,5,base.layers.4.mixer,0.901904
2,0,7,vim_tiny,cifar10,0.3,6,base.layers.5.mixer,0.930299
2,0,7,vim_tiny,cifar10,0.3,7,base.layers.6.mixer,0.504875
2,0,7,vim_tiny,cifar10,0.3,8,base.layers.7.mixer,0.963039
2,0,7,vim_tiny,cifar10,0.3,9,base.layers.8.mixer,0.933408
2,0,7,vim_tiny,cifar10,0.3,10,base.layers.9.mixer,0.965328
2,0,7,vim_tiny,cifar10,0.3,11,base.layers.10.mixer,0.933754
2,0,7,vim_tiny,cifar10,0.3,12,base.layers.11.mixer,0.965730
2,0,7,vim_tiny,cifar10,0.3,13,classifier,0.469364
2,0,8,vim_tiny,cifar10,0.3,0,base.patch_embed,0.943947
2,0,8,vim_tiny,cifar10,0.3,1,base.layers.0.mixer,0.801995
2,0,8,vim_tiny,cifar10,0.3,2,base.layers.1.mixer,0.877566
2,0,8,vim_tiny,cifar10,0.3,3,base.layers.2.mixer,0.858195
2,0,8,vim_tiny,cifar10,0.3,4,base.layers.3.mixer,0.842027
2,0,8,vim_tiny,cifar10,0.3,5,base.layers.4.mixer,0.941334
2,0,8,vim_tiny,cifar10,0.3,6,base.layers.5.mixer,0.940451
2,0,8,vim_tiny,cifar10,0.3,7,base.layers.6.mixer,0.629791
2,0,8,vim_tiny,cifar10,0.3,8,base.layers.7.mixer,0.926217
2,0,8,vim_tiny,cifar10,0.3,9,base.layers.8.mixer,0.906055
2,0,8,vim_tiny,cifar10,0.3,10,base.layers.9.mixer,0.939208
2,0,8,vim_tiny,cifar10,0.3,11,base.layers.10.mixer,0.959972
2,0,8,vim_tiny,cifar10,0.3,12,base.layers.11.mixer,0.962477
2,0,8,vim_tiny,cifar10,0.3,13,classifier,0.591205
2,0,9,vim_tiny,cifar10,0.3,0,base.patch_embed,0.914082
2,0,9,vim_tiny,cifar10,0.3,1,base.layers.0.mixer,0.817006
2,0,9,vim_tiny,cifar10,0.3,2,base.layers.1.mixer,0.821499
2,0,9,vim_tiny,cifar10,0.3,3,base.layers.2.mixer,0.837727
2,0,9,vim_tiny,cifar10,0.3,4,base.layers.3.mixer,0.801193
2,0,9,vim_tiny,cifar10,0.3,5,base.layers.4.mixer,0.912495
2,0,9,vim_tiny,cifar10,0.3,6,base.layers.5.mixer,0.865793
2,0,9,vim_tiny,cifar10,0.3,7,base.layers.6.mixer,0.628505
2,0,9,vim_tiny,cifar10,0.3,8,base.layers.7.mixer,0.880011
2,0,9,vim_tiny,cifar10,0.3,9,base.layers.8.mixer,0.921049
2,0,9,vim_tiny,cifar10,0.3,10,base.layers.9.mixer,0.948898
2,0,9,vim_tiny,cifar10,0.3,11,base.layers.10.mixer,0.856623
2,0,9,vim_tiny,cifar10,0.3,12,base.layers.11.mixer,0.941713
2,0,9,vim_tiny,cifar10,0.3,13,classifier,0.596145
2,1,2,vim_tiny,cifar10,0.3,0,base.patch_embed,0.969332
2,1,2,vim_tiny,cifar10,0.3,1,base.layers.0.mixer,0.977817
2,1,2,vim_tiny,cifar10,0.3,2,base.layers.1.mixer,0.883868
2,1,2,vim_tiny,cifar10,0.3,3,base.layers.2.mixer,0.692702
2,1,2,vim_tiny,cifar10,0.3,4,base.layers.3.mixer,0.880591
2,1,2,vim_tiny,cifar10,0.3,5,base.layers.4.mixer,0.888040
2,1,2,vim_tiny,cifar10,0.3,6,base.layers.5.mixer,0.902220
2,1,2,vim_tiny,cifar10,0.3,7,base.layers.6.mixer,0.515500
2,1,2,vim_tiny,cifar10,0.3,8,base.layers.7.mixer,0.958056
2,1,2,vim_tiny,cifar10,0.3,9,base.layers.8.mixer,0.957996
2,1,2,vim_tiny,cifar10,0.3,10,base.layers.9.mixer,0.946011
2,1,2,vim_tiny,cifar10,0.3,11,base.layers.10.mixer,0.938988
2,1,2,vim_tiny,cifar10,0.3,12,base.layers.11.mixer,0.924947
2,1,2,vim_tiny,cifar10,0.3,13,classifier,0.825192
2,1,3,vim_tiny,cifar10,0.3,0,base.patch_embed,0.965479
2,1,3,vim_tiny,cifar10,0.3,1,base.layers.0.mixer,0.959488
2,1,3,vim_tiny,cifar10,0.3,2,base.layers.1.mixer,0.876093
2,1,3,vim_tiny,cifar10,0.3,3,base.layers.2.mixer,0.766751
2,1,3,vim_tiny,cifar10,0.3,4,base.layers.3.mixer,0.846141
2,1,3,vim_tiny,cifar10,0.3,5,base.layers.4.mixer,0.871499
2,1,3,vim_tiny,cifar10,0.3,6,base.layers.5.mixer,0.921603
2,1,3,vim_tiny,cifar10,0.3,7,base.layers.6.mixer,0.545412
2,1,3,vim_tiny,cifar10,0.3,8,base.layers.7.mixer,0.965738
2,1,3,vim_tiny,cifar10,0.3,9,base.layers.8.mixer,0.940520
2,1,3,vim_tiny,cifar10,0.3,10,base.layers.9.mixer,0.952173
2,1,3,vim_tiny,cifar10,0.3,11,base.layers.10.mixer,0.949084
2,1,3,vim_tiny,cifar10,0.3,12,base.layers.11.mixer,0.897874
2,1,3,vim_tiny,cifar10,0.3,13,classifier,0.639085
2,1,4,vim_tiny,cifar10,0.3,0,base.patch_embed,0.996964
2,1,4,vim_tiny,cifar10,0.3,1,base.layers.0.mixer,0.983208
2,1,4,vim_tiny,cifar10,0.3,2,base.layers.1.mixer,0.928446
2,1,4,vim_tiny,cifar10,0.3,3,base.layers.2.mixer,0.900225
2,1,4,vim_tiny,cifar10,0.3,4,base.layers.3.mixer,0.763736
2,1,4,vim_tiny,cifar10,0.3,5,base.layers.4.mixer,0.889739
2,1,4,vim_tiny,cifar10,0.3,6,base.layers.5.mixer,0.806271
2,1,4,vim_tiny,cifar10,0.3,7,base.layers.6.mixer,0.807843
2,1,4,vim_tiny,cifar10,0.3,8,base.layers.7.mixer,0.988189
2,1,4,vim_tiny,cifar10,0.3,9,base.layers.8.mixer,0.992368
2,1,4,vim_tiny,cifar10,0.3,10,base.layers.9.mixer,0.989178
2,1,4,vim_tiny,cifar10,0.3,11,base.layers.10.mixer,0.957655
2,1,4,vim_tiny,cifar10,0.3,12,base.layers.11.mixer,0.961777
2,1,4,vim_tiny,cifar10,0.3,13,classifier,0.868198
2,1,5,vim_tiny,cifar10,0.3,0,base.patch_embed,0.995142
2,1,5,vim_tiny,cifar10,0.3,1,base.layers.0.mixer,0.987524
2,1,5,vim_tiny,cifar10,0.3,2,base.layers.1.mixer,0.753906
2,1,5,vim_tiny,cifar10,0.3,3,base.layers.2.mixer,0.932879
2,1,5,vim_tiny,cifar10,0.3,4,base.layers.3.mixer,0.689372
2,1,5,vim_tiny,cifar10,0.3,5,base.layers.4.mixer,0.931102
2,1,5,vim_tiny,cifar10,0.3,6,base.layers.5.mixer,0.799335
2,1,5,vim_tiny,cifar10,0.3,7,base.layers.6.mixer,0.547686
2,1,5,vim_tiny,cifar10,0.3,8,base.layers.7.mixer,0.972314
2,1,5,vim_tiny,cifar10,0.3,9,base.layers.8.mixer,0.972799
2,1,5,vim_tiny,cifar10,0.3,10,base.layers.9.mixer,0.993263
2,1,5,vim_tiny,cifar10,0.3,11,base.layers.10.mixer,0.949337
2,1,5,vim_tiny,cifar10,0.3,12,base.layers.11.mixer,0.950968
2,1,5,vim_tiny,cifar10,0.3,13,classifier,0.943538
2,1,6,vim_tiny,cifar10,0.3,0,base.patch_embed,0.962951
2,1,6,vim_tiny,cifar10,0.3,1,base.layers.0.mixer,0.903465
2,1,6,vim_tiny,cifar10,0.3,2,base.layers.1.mixer,0.870295
2,1,6,vim_tiny,cifar10,0.3,3,base.layers.2.mixer,0.927229
2,1,6,vim_tiny,cifar10,0.3,4,base.layers.3.mixer,0.831477
2,1,6,vim_tiny,cifar10,0.3,5,base.layers.4.mixer,0.860368
2,1,6,vim_tiny,cifar10,0.3,6,base.layers.5.mixer,0.870843
2,1,6,vim_tiny,cifar10,0.3,7,base.layers.6.mixer,0.566999
2,1,6,vim_tiny,cifar10,0.3,8,base.layers.7.mixer,0.903221
2,1,6,vim_tiny,cifar10,0.3,9,base.layers.8.mixer,0.931487
2,1,6,vim_tiny,cifar10,0.3,10,base.layers.9.mixer,0.974929
2,1,6,vim_tiny,cifar10,0.3,11,base.layers.10.mixer,0.941378
2,1,6,vim_tiny,cifar10,0.3,12,base.layers.11.mixer,0.943478
2,1,6,vim_tiny,cifar10,0.3,13,classifier,0.892621
2,1,7,vim_tiny,cifar10,0.3,0,base.patch_embed,0.976120
2,1,7,vim_tiny,cifar10,0.3,1,base.layers.0.mixer,0.959008
2,1,7,vim_tiny,cifar10,0.3,2,base.layers.1.mixer,0.878648
2,1,7,vim_tiny,cifar10,0.3,3,base.layers.2.mixer,0.764519
2,1,7,vim_tiny,cifar10,0.3,4,base.layers.3.mixer,0.718925
2,1,7,vim_tiny,cifar10,0.3,5,base.layers.4.mixer,0.879535
2,1,7,vim_tiny,cifar10,0.3,6,base.layers.5.mixer,0.950379
2,1,7,vim_tiny,cifar10,0.3,7,base.layers.6.mixer,0.520668
2,1,7,vim_tiny,cifar10,0.3,8,base.layers.7.mixer,0.963364
2,1,7,vim_tiny,cifar10,0.3,9,base.layers.8.mixer,0.981430
2,1,7,vim_tiny,cifar10,0.3,10,base.layers.9.mixer,0.966593
2,1,7,vim_tiny,cifar10,0.3,11,base.layers.10.mixer,0.955615
2,1,7,vim_tiny,cifar10,0.3,12,base.layers.11.mixer,0.913490
2,1,7,vim_tiny,cifar10,0.3,13,classifier,0.773628
2,1,8,vim_tiny,cifar10,0.3,0,base.patch_embed,0.919887
2,1,8,vim_tiny,cifar10,0.3,1,base.layers.0.mixer,0.894274
2,1,8,vim_tiny,cifar10,0.3,2,base.layers.1.mixer,0.887641
2,1,8,vim_tiny,cifar10,0.3,3,base.layers.2.mixer,0.945315
2,1,8,vim_tiny,cifar10,0.3,4,base.layers.3.mixer,0.773800
2,1,8,vim_tiny,cifar10,0.3,5,base.layers.4.mixer,0.943074
2,1,8,vim_tiny,cifar10,0.3,6,base.layers.5.mixer,0.892282
2,1,8,vim_tiny,cifar10,0.3,7,base.layers.6.mixer,0.824272
2,1,8,vim_tiny,cifar10,0.3,8,base.layers.7.mixer,0.951091
2,1,8,vim_tiny,cifar10,0.3,9,base.layers.8.mixer,0.871097
2,1,8,vim_tiny,cifar10,0.3,10,base.layers.9.mixer,0.932798
2,1,8,vim_tiny,cifar10,0.3,11,base.layers.10.mixer,0.930955
2,1,8,vim_tiny,cifar10,0.3,12,base.layers.11.mixer,0.931860
2,1,8,vim_tiny,cifar10,0.3,13,classifier,0.757989
2,1,9,vim_tiny,cifar10,0.3,0,base.patch_embed,0.989574
2,1,9,vim_tiny,cifar10,0.3,1,base.layers.0.mixer,0.983947
2,1,9,vim_tiny,cifar10,0.3,2,base.layers.1.mixer,0.924311
2,1,9,vim_tiny,cifar10,0.3,3,base.layers.2.mixer,0.958791
2,1,9,vim_tiny,cifar10,0.3,4,base.layers.3.mixer,0.902549
2,1,9,vim_tiny,cifar10,0.3,5,base.layers.4.mixer,0.949923
2,1,9,vim_tiny,cifar10,0.3,6,base.layers.5.mixer,0.805838
2,1,9,vim_tiny,cifar10,0.3,7,base.layers.6.mixer,0.615583
2,1,9,vim_tiny,cifar10,0.3,8,base.layers.7.mixer,0.971477
2,1,9,vim_tiny,cifar10,0.3,9,base.layers.8.mixer,0.991639
2,1,9,vim_tiny,cifar10,0.3,10,base.layers.9.mixer,0.977225
2,1,9,vim_tiny,cifar10,0.3,11,base.layers.10.mixer,0.974203
2,1,9,vim_tiny,cifar10,0.3,12,base.layers.11.mixer,0.946592
2,1,9,vim_tiny,cifar10,0.3,13,classifier,0.905506
2,2,3,vim_tiny,cifar10,0.3,0,base.patch_embed,0.979311
2,2,3,vim_tiny,cifar10,0.3,1,base.layers.0.mixer,0.964693
2,2,3,vim_tiny,cifar10,0.3,2,base.layers.1.mixer,0.954229
2,2,3,vim_tiny,cifar10,0.3,3,base.layers.2.mixer,0.881835
2,2,3,vim_tiny,cifar10,0.3,4,base.layers.3.mixer,0.692573
2,2,3,vim_tiny,cifar10,0.3,5,base.layers.4.mixer,0.957298
2,2,3,vim_tiny,cifar10,0.3,6,base.layers.5.mixer,0.944702
2,2,3,vim_tiny,cifar10,0.3,7,base.layers.6.mixer,0.880014
2,2,3,vim_tiny,cifar10,0.3,8,base.layers.7.mixer,0.945470
2,2,3,vim_tiny,cifar10,0.3,9,base.layers.8.mixer,0.962408
2,2,3,vim_tiny,cifar10,0.3,10,base.layers.9.mixer,0.986197
2,2,3,vim_tiny,cifar10,0.3,11,base.layers.10.mixer,0.971259
2,2,3,vim_tiny,cifar10,0.3,12,base.layers.11.mixer,0.928473
2,2,3,vim_tiny,cifar10,0.3,13,classifier,0.739300
2,2,4,vim_tiny,cifar10,0.3,0,base.patch_embed,0.962564
2,2,4,vim_tiny,cifar10,0.3,1,base.layers.0.mixer,0.965188
2,2,4,vim_tiny,cifar10,0.3,2,base.layers.1.mixer,0.918026
2,2,4,vim_tiny,cifar10,0.3,3,base.layers.2.mixer,0.825613
2,2,4,vim_tiny,cifar10,0.3,4,base.layers.3.mixer,0.783237
2,2,4,vim_tiny,cifar10,0.3,5,base.layers.4.mixer,0.839056
2,2,4,vim_tiny,cifar10,0.3,6,base.layers.5.mixer,0.893157
2,2,4,vim_tiny,cifar10,0.3,7,base.layers.6.mixer,0.777645
2,2,4,vim_tiny,cifar10,0.3,8,base.layers.7.mixer,0.946013
2,2,4,vim_tiny,cifar10,0.3,9,base.layers.8.mixer,0.953822
2,2,4,vim_tiny,cifar10,0.3,10,base.layers.9.mixer,0.956007
2,2,4,vim_tiny,cifar10,0.3,11,base.layers.10.mixer,0.938298
2,2,4,vim_tiny,cifar10,0.3,12,base.layers.11.mixer,0.946947
2,2,4,vim_tiny,cifar10,0.3,13,classifier,0.703091
2,2,5,vim_tiny,cifar10,0.3,0,base.patch_embed,0.968583
2,2,5,vim_tiny,cifar10,0.3,1,base.layers.0.mixer,0.974744
2,2,5,vim_tiny,cifar10,0.3,2,base.layers.1.mixer,0.893892
2,2,5,vim_tiny,cifar10,0.3,3,base.layers.2.mixer,0.843394
2,2,5,vim_tiny,cifar10,0.3,4,base.layers.3.mixer,0.565254
2,2,5,vim_tiny,cifar10,0.3,5,base.layers.4.mixer,0.901740
2,2,5,vim_tiny,cifar10,0.3,6,base.layers.5.mixer,0.897353
2,2,5,vim_tiny,cifar10,0.3,7,base.layers.6.mixer,0.893110
2,2,5,vim_tiny,cifar10,0.3,8,base.layers.7.mixer,0.923731
2,2,5,vim_tiny,cifar10,0.3,9,base.layers.8.mixer,0.958768
2,2,5,vim_tiny,cifar10,0.3,10,base.layers.9.mixer,0.947152
2,2,5,vim_tiny,cifar10,0.3,11,base.layers.10.mixer,0.934148
2,2,5,vim_tiny,cifar10,0.3,12,base.layers.11.mixer,0.899798
2,2,5,vim_tiny,cifar10,0.3,13,classifier,0.760716
2,2,6,vim_tiny,cifar10,0.3,0,base.patch_embed,0.991116
2,2,6,vim_tiny,cifar10,0.3,1,base.layers.0.mixer,0.881363
2,2,6,vim_tiny,cifar10,0.3,2,base.layers.1.mixer,0.807617
2,2,6,vim_tiny,cifar10,0.3,3,base.layers.2.mixer,0.868046
2,2,6,vim_tiny,cifar10,0.3,4,base.layers.3.mixer,0.735128
2,2,6,vim_tiny,cifar10,0.3,5,base.layers.4.mixer,0.887041
2,2,6,vim_tiny,cifar10,0.3,6,base.layers.5.mixer,0.941921
2,2,6,vim_tiny,cifar10,0.3,7,base.layers.6.mixer,0.856473
2,2,6,vim_tiny,cifar10,0.3,8,base.layers.7.mixer,0.940866
2,2,6,vim_tiny,cifar10,0.3,9,base.layers.8.mixer,0.948520
2,2,6,vim_tiny,cifar10,0.3,10,base.layers.9.mixer,0.957294
2,2,6,vim_tiny,cifar10,0.3,11,base.layers.10.mixer,0.966444
2,2,6,vim_tiny,cifar10,0.3,12,base.layers.11.mixer,0.946572
2,2,6,vim_tiny,cifar10,0.3,13,classifier,0.890270
2,2,7,vim_tiny,cifar10,0.3,0,base.patch_embed,0.992980
2,2,7,vim_tiny,cifar10,0.3,1,base.layers.0.mixer,0.951044
2,2,7,vim_tiny,cifar10,0.3,2,base.layers.1.mixer,0.939784
2,2,7,vim_tiny,cifar10,0.3,3,base.layers.2.mixer,0.898657
2,2,7,vim_tiny,cifar10,0.3,4,base.layers.3.mixer,0.724850
2,2,7,vim_tiny,cifar10,0.3,5,base.layers.4.mixer,0.947352
2,2,7,vim_tiny,cifar10,0.3,6,base.layers.5.mixer,0.964602
2,2,7,vim_tiny,cifar10,0.3,7,base.layers.6.mixer,0.901644
2,2,7,vim_tiny,cifar10,0.3,8,base.layers.7.mixer,0.956646
2,2,7,vim_tiny,cifar10,0.3,9,base.layers.8.mixer,0.950881
2,2,7,vim_tiny,cifar10,0.3,10,base.layers.9.mixer,0.981820
2,2,7,vim_tiny,cifar10,0.3,11,base.layers.10.mixer,0.957496
2,2,7,vim_tiny,cifar10,0.3,12,base.layers.11.mixer,0.977015
2,2,7,vim_tiny,cifar10,0.3,13,classifier,0.536729
2,2,8,vim_tiny,cifar10,0.3,0,base.patch_embed,0.935507
2,2,8,vim_tiny,cifar10,0.3,1,base.layers.0.mixer,0.930297
2,2,8,vim_tiny,cifar10,0.3,2,base.layers.1.mixer,0.927855
2,2,8,vim_tiny,cifar10,0.3,3,base.layers.2.mixer,0.771540
2,2,8,vim_tiny,cifar10,0.3,4,base.layers.3.mixer,0.953965
2,2,8,vim_tiny,cifar10,0.3,5,base.layers.4.mixer,0.896004
2,2,8,vim_tiny,cifar10,0.3,6,base.layers.5.mixer,0.919816
2,2,8,vim_tiny,cifar10,0.3,7,base.layers.6.mixer,0.697704
2,2,8,vim_tiny,cifar10,0.3,8,base.layers.7.mixer,0.939133
2,2,8,vim_tiny,cifar10,0.3,9,base.layers.8.mixer,0.918498
2,2,8,vim_tiny,cifar10,0.3,10,base.layers.9.mixer,0.956576
2,2,8,vim_tiny,cifar10,0.3,11,base.layers.10.mixer,0.960437
2,2,8,vim_tiny,cifar10,0.3,12,base.layers.11.mixer,0.939273
2,2,8,vim_tiny,cifar10,0.3,13,classifier,0.896777
2,2,9,vim_tiny,cifar10,0.3,0,base.patch_embed,0.952079
2,2,9,vim_tiny,cifar10,0.3,1,base.layers.0.mixer,0.970867
2,2,9,vim_tiny,cifar10,0.3,2,base.layers.1.mixer,0.913535
2,2,9,vim_tiny,cifar10,0.3,3,base.layers.2.mixer,0.785615
2,2,9,vim_tiny,cifar10,0.3,4,base.layers.3.mixer,0.850331
2,2,9,vim_tiny,cifar10,0.3,5,base.layers.4.mixer,0.912108
2,2,9,vim_tiny,cifar10,0.3,6,base.layers.5.mixer,0.864362
2,2,9,vim_tiny,cifar10,0.3,7,base.layers.6.mixer,0.877315
2,2,9,vim_tiny,cifar10,0.3,8,base.layers.7.mixer,0.924794
2,2,9,vim_tiny,cifar10,0.3,9,base.layers.8.mixer,0.961051
2,2,9,vim_tiny,cifar10,0.3,10,base.layers.9.mixer,0.938202
2,2,9,vim_tiny,cifar10,0.3,11,base.layers.10.mixer,0.920218
2,2,9,vim_tiny,cifar10,0.3,12,base.layers.11.mixer,0.913207
2,2,9,vim_tiny,cifar10,0.3,13,classifier,0.841520
2,3,4,vim_tiny,cifar10,0.3,0,base.patch_embed,0.955971
2,3,4,vim_tiny,cifar10,0.3,1,base.layers.0.mixer,0.953201
2,3,4,vim_tiny,cifar10,0.3,2,base.layers.1.mixer,0.916585
2,3,4,vim_tiny,cifar10,0.3,3,base.layers.2.mixer,0.935140
2,3,4,vim_tiny,cifar10,0.3,4,base.layers.3.mixer,0.790979
2,3,4,vim_tiny,cifar10,0.3,5,base.layers.4.mixer,0.836331
2,3,4,vim_tiny,cifar10,0.3,6,base.layers.5.mixer,0.903729
2,3,4,vim_tiny,cifar10,0.3,7,base.layers.6.mixer,0.848423
2,3,4,vim_tiny,cifar10,0.3,8,base.layers.7.mixer,0.976776
2,3,4,vim_tiny,cifar10,0.3,9,base.layers.8.mixer,0.941741
2,3,4,vim_tiny,cifar10,0.3,10,base.layers.9.mixer,0.969679
2,3,4,vim_tiny,cifar10,0.3,11,base.layers.10.mixer,0.943437
2,3,4,vim_tiny,cifar10,0.3,12,base.layers.11.mixer,0.896408
2,3,4,vim_tiny,cifar10,0.3,13,classifier,0.430560
2,3,5,vim_tiny,cifar10,0.3,0,base.patch_embed,0.971296
2,3,5,vim_tiny,cifar10,0.3,1,base.layers.0.mixer,0.964234
2,3,5,vim_tiny,cifar10,0.3,2,base.layers.1.mixer,0.869505
2,3,5,vim_tiny,cifar10,0.3,3,base.layers.2.mixer,0.916534
2,3,5,vim_tiny,cifar10,0.3,4,base.layers.3.mixer,0.911333
2,3,5,vim_tiny,cifar10,0.3,5,base.layers.4.mixer,0.892100
2,3,5,vim_tiny,cifar10,0.3,6,base.layers.5.mixer,0.920031
2,3,5,vim_tiny,cifar10,0.3,7,base.layers.6.mixer,0.946534
2,3,5,vim_tiny,cifar10,0.3,8,base.layers.7.mixer,0.948618
2,3,5,vim_tiny,cifar10,0.3,9,base.layers.8.mixer,0.953691
2,3,5,vim_tiny,cifar10,0.3,10,base.layers.9.mixer,0.956880
2,3,5,vim_tiny,cifar10,0.3,11,base.layers.10.mixer,0.930940
2,3,5,vim_tiny,cifar10,0.3,12,base.layers.11.mixer,0.893290
2,3,5,vim_tiny,cifar10,0.3,13,classifier,0.618421
2,3,6,vim_tiny,cifar10,0.3,0,base.patch_embed,0.978266
2,3,6,vim_tiny,cifar10,0.3,1,base.layers.0.mixer,0.862110
2,3,6,vim_tiny,cifar10,0.3,2,base.layers.1.mixer,0.820550
2,3,6,vim_tiny,cifar10,0.3,3,base.layers.2.mixer,0.885750
2,3,6,vim_tiny,cifar10,0.3,4,base.layers.3.mixer,0.931283
2,3,6,vim_tiny,cifar10,0.3,5,base.layers.4.mixer,0.908924
2,3,6,vim_tiny,cifar10,0.3,6,base.layers.5.mixer,0.954423
2,3,6,vim_tiny,cifar10,0.3,7,base.layers.6.mixer,0.940727
2,3,6,vim_tiny,cifar10,0.3,8,base.layers.7.mixer,0.861108
2,3,6,vim_tiny,cifar10,0.3,9,base.layers.8.mixer,0.980778
2,3,6,vim_tiny,cifar10,0.3,10,base.layers.9.mixer,0.970093
2,3,6,vim_tiny,cifar10,0.3,11,base.layers.10.mixer,0.984355
2,3,6,vim_tiny,cifar10,0.3,12,base.layers.11.mixer,0.912630
2,3,6,vim_tiny,cifar10,0.3,13,classifier,0.751001
2,3,7,vim_tiny,cifar10,0.3,0,base.patch_embed,0.975443
2,3,7,vim_tiny,cifar10,0.3,1,base.layers.0.mixer,0.933535
2,3,7,vim_tiny,cifar10,0.3,2,base.layers.1.mixer,0.926862
2,3,7,vim_tiny,cifar10,0.3,3,base.layers.2.mixer,0.952561
2,3,7,vim_tiny,cifar10,0.3,4,base.layers.3.mixer,0.667833
2,3,7,vim_tiny,cifar10,0.3,5,base.layers.4.mixer,0.926483
2,3,7,vim_tiny,cifar10,0.3,6,base.layers.5.mixer,0.963298
2,3,7,vim_tiny,cifar10,0.3,7,base.layers.6.mixer,0.975876
2,3,7,vim_tiny,cifar10,0.3,8,base.layers.7.mixer,0.953604
2,3,7,vim_tiny,cifar10,0.3,9,base.layers.8.mixer,0.944317
2,3,7,vim_tiny,cifar10,0.3,10,base.layers.9.mixer,0.972768
2,3,7,vim_tiny,cifar10,0.3,11,base.layers.10.mixer,0.973487
2,3,7,vim_tiny,cifar10,0.3,12,base.layers.11.mixer,0.963367
2,3,7,vim_tiny,cifar10,0.3,13,classifier,0.338253
2,3,8,vim_tiny,cifar10,0.3,0,base.patch_embed,0.968320
2,3,8,vim_tiny,cifar10,0.3,1,base.layers.0.mixer,0.955824
2,3,8,vim_tiny,cifar10,0.3,2,base.layers.1.mixer,0.952214
2,3,8,vim_tiny,cifar10,0.3,3,base.layers.2.mixer,0.852071
2,3,8,vim_tiny,cifar10,0.3,4,base.layers.3.mixer,0.651476
2,3,8,vim_tiny,cifar10,0.3,5,base.layers.4.mixer,0.861912
2,3,8,vim_tiny,cifar10,0.3,6,base.layers.5.mixer,0.961346
2,3,8,vim_tiny,cifar10,0.3,7,base.layers.6.mixer,0.776861
2,3,8,vim_tiny,cifar10,0.3,8,base.layers.7.mixer,0.960597
2,3,8,vim_tiny,cifar10,0.3,9,base.layers.8.mixer,0.962956
2,3,8,vim_tiny,cifar10,0.3,10,base.layers.9.mixer,0.971175
2,3,8,vim_tiny,cifar10,0.3,11,base.layers.10.mixer,0.974790
2,3,8,vim_tiny,cifar10,0.3,12,base.layers.11.mixer,0.934327
2,3,8,vim_tiny,cifar10,0.3,13,classifier,0.845765
2,3,9,vim_tiny,cifar10,0.3,0,base.patch_embed,0.973190
2,3,9,vim_tiny,cifar10,0.3,1,base.layers.0.mixer,0.962268
2,3,9,vim_tiny,cifar10,0.3,2,base.layers.1.mixer,0.904444
2,3,9,vim_tiny,cifar10,0.3,3,base.layers.2.mixer,0.864217
2,3,9,vim_tiny,cifar10,0.3,4,base.layers.3.mixer,0.908421
2,3,9,vim_tiny,cifar10,0.3,5,base.layers.4.mixer,0.896757
2,3,9,vim_tiny,cifar10,0.3,6,base.layers.5.mixer,0.947038
2,3,9,vim_tiny,cifar10,0.3,7,base.layers.6.mixer,0.944002
2,3,9,vim_tiny,cifar10,0.3,8,base.layers.7.mixer,0.972742
2,3,9,vim_tiny,cifar10,0.3,9,base.layers.8.mixer,0.954536
2,3,9,vim_tiny,cifar10,0.3,10,base.layers.9.mixer,0.963721
2,3,9,vim_tiny,cifar10,0.3,11,base.layers.10.mixer,0.934358
2,3,9,vim_tiny,cifar10,0.3,12,base.layers.11.mixer,0.872800
2,3,9,vim_tiny,cifar10,0.3,13,classifier,0.615163
2,4,5,vim_tiny,cifar10,0.3,0,base.patch_embed,0.990479
2,4,5,vim_tiny,cifar10,0.3,1,base.layers.0.mixer,0.972922
2,4,5,vim_tiny,cifar10,0.3,2,base.layers.1.mixer,0.842904
2,4,5,vim_tiny,cifar10,0.3,3,base.layers.2.mixer,0.979748
2,4,5,vim_tiny,cifar10,0.3,4,base.layers.3.mixer,0.797612
2,4,5,vim_tiny,cifar10,0.3,5,base.layers.4.mixer,0.933107
2,4,5,vim_tiny,cifar10,0.3,6,base.layers.5.mixer,0.972362
2,4,5,vim_tiny,cifar10,0.3,7,base.layers.6.mixer,0.837253
2,4,5,vim_tiny,cifar10,0.3,8,base.layers.7.mixer,0.979694
2,4,5,vim_tiny,cifar10,0.3,9,base.layers.8.mixer,0.985663
2,4,5,vim_tiny,cifar10,0.3,10,base.layers.9.mixer,0.990131
2,4,5,vim_tiny,cifar10,0.3,11,base.layers.10.mixer,0.988957
2,4,5,vim_tiny,cifar10,0.3,12,base.layers.11.mixer,0.976023
2,4,5,vim_tiny,cifar10,0.3,13,classifier,0.895249
2,4,6,vim_tiny,cifar10,0.3,0,base.patch_embed,0.962058
2,4,6,vim_tiny,cifar10,0.3,1,base.layers.0.mixer,0.941451
2,4,6,vim_tiny,cifar10,0.3,2,base.layers.1.mixer,0.763557
2,4,6,vim_tiny,cifar10,0.3,3,base.layers.2.mixer,0.937621
2,4,6,vim_tiny,cifar10,0.3,4,base.layers.3.mixer,0.919105
2,4,6,vim_tiny,cifar10,0.3,5,base.layers.4.mixer,0.951064
2,4,6,vim_tiny,cifar10,0.3,6,base.layers.5.mixer,0.889386
2,4,6,vim_tiny,cifar10,0.3,7,base.layers.6.mixer,0.845255
2,4,6,vim_tiny,cifar10,0.3,8,base.layers.7.mixer,0.878482
2,4,6,vim_tiny,cifar10,0.3,9,base.layers.8.mixer,0.936892
2,4,6,vim_tiny,cifar10,0.3,10,base.layers.9.mixer,0.989351
2,4,6,vim_tiny,cifar10,0.3,11,base.layers.10.mixer,0.949897
2,4,6,vim_tiny,cifar10,0.3,12,base.layers.11.mixer,0.980771
2,4,6,vim_tiny,cifar10,0.3,13,classifier,0.773455
2,4,7,vim_tiny,cifar10,0.3,0,base.patch_embed,0.972325
2,4,7,vim_tiny,cifar10,0.3,1,base.layers.0.mixer,0.977683
2,4,7,vim_tiny,cifar10,0.3,2,base.layers.1.mixer,0.972477
2,4,7,vim_tiny,cifar10,0.3,3,base.layers.2.mixer,0.933933
2,4,7,vim_tiny,cifar10,0.3,4,base.layers.3.mixer,0.900322
2,4,7,vim_tiny,cifar10,0.3,5,base.layers.4.mixer,0.916073
2,4,7,vim_tiny,cifar10,0.3,6,base.layers.5.mixer,0.900487
2,4,7,vim_tiny,cifar10,0.3,7,base.layers.6.mixer,0.819541
2,4,7,vim_tiny,cifar10,0.3,8,base.layers.7.mixer,0.973222
2,4,7,vim_tiny,cifar10,0.3,9,base.layers.8.mixer,0.989776
2,4,7,vim_tiny,cifar10,0.3,10,base.layers.9.mixer,0.971327
2,4,7,vim_tiny,cifar10,0.3,11,base.layers.10.mixer,0.984315
2,4,7,vim_tiny,cifar10,0.3,12,base.layers.11.mixer,0.942011
2,4,7,vim_tiny,cifar10,0.3,13,classifier,0.928174
2,4,8,vim_tiny,cifar10,0.3,0,base.patch_embed,0.916541
2,4,8,vim_tiny,cifar10,0.3,1,base.layers.0.mixer,0.893945
2,4,8,vim_tiny,cifar10,0.3,2,base.layers.1.mixer,0.905027
2,4,8,vim_tiny,cifar10,0.3,3,base.layers.2.mixer,0.921400
2,4,8,vim_tiny,cifar10,0.3,4,base.layers.3.mixer,0.806119
2,4,8,vim_tiny,cifar10,0.3,5,base.layers.4.mixer,0.918235
2,4,8,vim_tiny,cifar10,0.3,6,base.layers.5.mixer,0.815433
2,4,8,vim_tiny,cifar10,0.3,7,base.layers.6.mixer,0.810459
2,4,8,vim_tiny,cifar10,0.3,8,base.layers.7.mixer,0.942486
2,4,8,vim_tiny,cifar10,0.3,9,base.layers.8.mixer,0.863041
2,4,8,vim_tiny,cifar10,0.3,10,base.layers.9.mixer,0.949693
2,4,8,vim_tiny,cifar10,0.3,11,base.layers.10.mixer,0.903447
2,4,8,vim_tiny,cifar10,0.3,12,base.layers.11.mixer,0.935778
2,4,8,vim_tiny,cifar10,0.3,13,classifier,0.590068
2,4,9,vim_tiny,cifar10,0.3,0,base.patch_embed,0.988522
2,4,9,vim_tiny,cifar10,0.3,1,base.layers.0.mixer,0.987314
2,4,9,vim_tiny,cifar10,0.3,2,base.layers.1.mixer,0.980410
2,4,9,vim_tiny,cifar10,0.3,3,base.layers.2.mixer,0.967592
2,4,9,vim_tiny,cifar10,0.3,4,base.layers.3.mixer,0.925271
2,4,9,vim_tiny,cifar10,0.3,5,base.layers.4.mixer,0.915995
2,4,9,vim_tiny,cifar10,0.3,6,base.layers.5.mixer,0.867700
2,4,9,vim_tiny,cifar10,0.3,7,base.layers.6.mixer,0.884544
2,4,9,vim_tiny,cifar10,0.3,8,base.layers.7.mixer,0.975889
2,4,9,vim_tiny,cifar10,0.3,9,base.layers.8.mixer,0.984178
2,4,9,vim_tiny,cifar10,0.3,10,base.layers.9.mixer,0.990806
2,4,9,vim_tiny,cifar10,0.3,11,base.layers.10.mixer,0.969722
2,4,9,vim_tiny,cifar10,0.3,12,base.layers.11.mixer,0.987053
2,4,9,vim_tiny,cifar10,0.3,13,classifier,0.902943
2,5,6,vim_tiny,cifar10,0.3,0,base.patch_embed,0.954789
2,5,6,vim_tiny,cifar10,0.3,1,base.layers.0.mixer,0.874744
2,5,6,vim_tiny,cifar10,0.3,2,base.layers.1.mixer,0.657320
2,5,6,vim_tiny,cifar10,0.3,3,base.layers.2.mixer,0.949972
2,5,6,vim_tiny,cifar10,0.3,4,base.layers.3.mixer,0.921503
2,5,6,vim_tiny,cifar10,0.3,5,base.layers.4.mixer,0.883308
2,5,6,vim_tiny,cifar10,0.3,6,base.layers.5.mixer,0.915144
2,5,6,vim_tiny,cifar10,0.3,7,base.layers.6.mixer,0.932804
2,5,6,vim_tiny,cifar10,0.3,8,base.layers.7.mixer,0.887194
2,5,6,vim_tiny,cifar10,0.3,9,base.layers.8.mixer,0.940247
2,5,6,vim_tiny,cifar10,0.3,10,base.layers.9.mixer,0.973204
2,5,6,vim_tiny,cifar10,0.3,11,base.layers.10.mixer,0.935707
2,5,6,vim_tiny,cifar10,0.3,12,base.layers.11.mixer,0.958842
2,5,6,vim_tiny,cifar10,0.3,13,classifier,0.896673
2,5,7,vim_tiny,cifar10,0.3,0,base.patch_embed,0.966118
2,5,7,vim_tiny,cifar10,0.3,1,base.layers.0.mixer,0.933640
2,5,7,vim_tiny,cifar10,0.3,2,base.layers.1.mixer,0.886672
2,5,7,vim_tiny,cifar10,0.3,3,base.layers.2.mixer,0.899564
2,5,7,vim_tiny,cifar10,0.3,4,base.layers.3.mixer,0.637170
2,5,7,vim_tiny,cifar10,0.3,5,base.layers.4.mixer,0.900889
2,5,7,vim_tiny,cifar10,0.3,6,base.layers.5.mixer,0.881389
2,5,7,vim_tiny,cifar10,0.3,7,base.layers.6.mixer,0.961856
2,5,7,vim_tiny,cifar10,0.3,8,base.layers.7.mixer,0.974812
2,5,7,vim_tiny,cifar10,0.3,9,base.layers.8.mixer,0.978468
2,5,7,vim_tiny,cifar10,0.3,10,base.layers.9.mixer,0.963997
2,5,7,vim_tiny,cifar10,0.3,11,base.layers.10.mixer,0.973103
2,5,7,vim_tiny,cifar10,0.3,12,base.layers.11.mixer,0.905926
2,5,7,vim_tiny,cifar10,0.3,13,classifier,0.843705
2,5,8,vim_tiny,cifar10,0.3,0,base.patch_embed,0.936258
2,5,8,vim_tiny,cifar10,0.3,1,base.layers.0.mixer,0.904580
2,5,8,vim_tiny,cifar10,0.3,2,base.layers.1.mixer,0.816027
2,5,8,vim_tiny,cifar10,0.3,3,base.layers.2.mixer,0.942165
2,5,8,vim_tiny,cifar10,0.3,4,base.layers.3.mixer,0.553505
2,5,8,vim_tiny,cifar10,0.3,5,base.layers.4.mixer,0.945959
2,5,8,vim_tiny,cifar10,0.3,6,base.layers.5.mixer,0.875001
2,5,8,vim_tiny,cifar10,0.3,7,base.layers.6.mixer,0.773724
2,5,8,vim_tiny,cifar10,0.3,8,base.layers.7.mixer,0.912535
2,5,8,vim_tiny,cifar10,0.3,9,base.layers.8.mixer,0.876548
2,5,8,vim_tiny,cifar10,0.3,10,base.layers.9.mixer,0.940660
2,5,8,vim_tiny,cifar10,0.3,11,base.layers.10.mixer,0.893963
2,5,8,vim_tiny,cifar10,0.3,12,base.layers.11.mixer,0.918101
2,5,8,vim_tiny,cifar10,0.3,13,classifier,0.732182
2,5,9,vim_tiny,cifar10,0.3,0,base.patch_embed,0.992361
2,5,9,vim_tiny,cifar10,0.3,1,base.layers.0.mixer,0.978226
2,5,9,vim_tiny,cifar10,0.3,2,base.layers.1.mixer,0.842199
2,5,9,vim_tiny,cifar10,0.3,3,base.layers.2.mixer,0.983603
2,5,9,vim_tiny,cifar10,0.3,4,base.layers.3.mixer,0.848507
2,5,9,vim_tiny,cifar10,0.3,5,base.layers.4.mixer,0.973416
2,5,9,vim_tiny,cifar10,0.3,6,base.layers.5.mixer,0.919838
2,5,9,vim_tiny,cifar10,0.3,7,base.layers.6.mixer,0.937869
2,5,9,vim_tiny,cifar10,0.3,8,base.layers.7.mixer,0.938570
2,5,9,vim_tiny,cifar10,0.3,9,base.layers.8.mixer,0.967950
2,5,9,vim_tiny,cifar10,0.3,10,base.layers.9.mixer,0.982374
2,5,9,vim_tiny,cifar10,0.3,11,base.layers.10.mixer,0.966110
2,5,9,vim_tiny,cifar10,0.3,12,base.layers.11.mixer,0.973871
2,5,9,vim_tiny,cifar10,0.3,13,classifier,0.918390
2,6,7,vim_tiny,cifar10,0.3,0,base.patch_embed,0.994872
2,6,7,vim_tiny,cifar10,0.3,1,base.layers.0.mixer,0.964729
2,6,7,vim_tiny,cifar10,0.3,2,base.layers.1.mixer,0.742406
2,6,7,vim_tiny,cifar10,0.3,3,base.layers.2.mixer,0.897022
2,6,7,vim_tiny,cifar10,0.3,4,base.layers.3.mixer,0.838542
2,6,7,vim_tiny,cifar10,0.3,5,base.layers.4.mixer,0.947311
2,6,7,vim_tiny,cifar10,0.3,6,base.layers.5.mixer,0.926303
2,6,7,vim_tiny,cifar10,0.3,7,base.layers.6.mixer,0.950524
2,6,7,vim_tiny,cifar10,0.3,8,base.layers.7.mixer,0.917144
2,6,7,vim_tiny,cifar10,0.3,9,base.layers.8.mixer,0.954719
2,6,7,vim_tiny,cifar10,0.3,10,base.layers.9.mixer,0.972237
2,6,7,vim_tiny,cifar10,0.3,11,base.layers.10.mixer,0.974709
2,6,7,vim_tiny,cifar10,0.3,12,base.layers.11.mixer,0.949702
2,6,7,vim_tiny,cifar10,0.3,13,classifier,0.686529
2,6,8,vim_tiny,cifar10,0.3,0,base.patch_embed,0.937616
2,6,8,vim_tiny,cifar10,0.3,1,base.layers.0.mixer,0.797668
2,6,8,vim_tiny,cifar10,0.3,2,base.layers.1.mixer,0.801982
2,6,8,vim_tiny,cifar10,0.3,3,base.layers.2.mixer,0.937566
2,6,8,vim_tiny,cifar10,0.3,4,base.layers.3.mixer,0.704848
2,6,8,vim_tiny,cifar10,0.3,5,base.layers.4.mixer,0.879800
2,6,8,vim_tiny,cifar10,0.3,6,base.layers.5.mixer,0.928185
2,6,8,vim_tiny,cifar10,0.3,7,base.layers.6.mixer,0.829549
2,6,8,vim_tiny,cifar10,0.3,8,base.layers.7.mixer,0.873037
2,6,8,vim_tiny,cifar10,0.3,9,base.layers.8.mixer,0.939051
2,6,8,vim_tiny,cifar10,0.3,10,base.layers.9.mixer,0.944972
2,6,8,vim_tiny,cifar10,0.3,11,base.layers.10.mixer,0.953692
2,6,8,vim_tiny,cifar10,0.3,12,base.layers.11.mixer,0.933093
2,6,8,vim_tiny,cifar10,0.3,13,classifier,0.868005
2,6,9,vim_tiny,cifar10,0.3,0,base.patch_embed,0.951443
2,6,9,vim_tiny,cifar10,0.3,1,base.layers.0.mixer,0.935080
2,6,9,vim_tiny,cifar10,0.3,2,base.layers.1.mixer,0.733972
2,6,9,vim_tiny,cifar10,0.3,3,base.layers.2.mixer,0.943900
2,6,9,vim_tiny,cifar10,0.3,4,base.layers.3.mixer,0.938258
2,6,9,vim_tiny,cifar10,0.3,5,base.layers.4.mixer,0.884210
2,6,9,vim_tiny,cifar10,0.3,6,base.layers.5.mixer,0.937738
2,6,9,vim_tiny,cifar10,0.3,7,base.layers.6.mixer,0.931127
2,6,9,vim_tiny,cifar10,0.3,8,base.layers.7.mixer,0.826876
2,6,9,vim_tiny,cifar10,0.3,9,base.layers.8.mixer,0.941782
2,6,9,vim_tiny,cifar10,0.3,10,base.layers.9.mixer,0.980273
2,6,9,vim_tiny,cifar10,0.3,11,base.layers.10.mixer,0.940921
2,6,9,vim_tiny,cifar10,0.3,12,base.layers.11.mixer,0.975401
2,6,9,vim_tiny,cifar10,0.3,13,classifier,0.896973
2,7,8,vim_tiny,cifar10,0.3,0,base.patch_embed,0.917031
2,7,8,vim_tiny,cifar10,0.3,1,base.layers.0.mixer,0.878164
2,7,8,vim_tiny,cifar10,0.3,2,base.layers.1.mixer,0.883166
2,7,8,vim_tiny,cifar10,0.3,3,base.layers.2.mixer,0.861847
2,7,8,vim_tiny,cifar10,0.3,4,base.layers.3.mixer,0.712412
2,7,8,vim_tiny,cifar10,0.3,5,base.layers.4.mixer,0.893341
2,7,8,vim_tiny,cifar10,0.3,6,base.layers.5.mixer,0.911064
2,7,8,vim_tiny,cifar10,0.3,7,base.layers.6.mixer,0.776157
2,7,8,vim_tiny,cifar10,0.3,8,base.layers.7.mixer,0.903334
2,7,8,vim_tiny,cifar10,0.3,9,base.layers.8.mixer,0.859280
2,7,8,vim_tiny,cifar10,0.3,10,base.layers.9.mixer,0.930403
2,7,8,vim_tiny,cifar10,0.3,11,base.layers.10.mixer,0.935172
2,7,8,vim_tiny,cifar10,0.3,12,base.layers.11.mixer,0.935539
2,7,8,vim_tiny,cifar10,0.3,13,classifier,0.462699
2,7,9,vim_tiny,cifar10,0.3,0,base.patch_embed,0.956399
2,7,9,vim_tiny,cifar10,0.3,1,base.layers.0.mixer,0.969170
2,7,9,vim_tiny,cifar10,0.3,2,base.layers.1.mixer,0.941775
2,7,9,vim_tiny,cifar10,0.3,3,base.layers.2.mixer,0.867195
2,7,9,vim_tiny,cifar10,0.3,4,base.layers.3.mixer,0.785795
2,7,9,vim_tiny,cifar10,0.3,5,base.layers.4.mixer,0.901565
2,7,9,vim_tiny,cifar10,0.3,6,base.layers.5.mixer,0.866515
2,7,9,vim_tiny,cifar10,0.3,7,base.layers.6.mixer,0.920503
2,7,9,vim_tiny,cifar10,0.3,8,base.layers.7.mixer,0.923903
2,7,9,vim_tiny,cifar10,0.3,9,base.layers.8.mixer,0.971087
2,7,9,vim_tiny,cifar10,0.3,10,base.layers.9.mixer,0.947872
2,7,9,vim_tiny,cifar10,0.3,11,base.layers.10.mixer,0.952014
2,7,9,vim_tiny,cifar10,0.3,12,base.layers.11.mixer,0.905643
2,7,9,vim_tiny,cifar10,0.3,13,classifier,0.803256
2,8,9,vim_tiny,cifar10,0.3,0,base.patch_embed,0.950725
2,8,9,vim_tiny,cifar10,0.3,1,base.layers.0.mixer,0.908185
2,8,9,vim_tiny,cifar10,0.3,2,base.layers.1.mixer,0.921152
2,8,9,vim_tiny,cifar10,0.3,3,base.layers.2.mixer,0.955324
2,8,9,vim_tiny,cifar10,0.3,4,base.layers.3.mixer,0.839885
2,8,9,vim_tiny,cifar10,0.3,5,base.layers.4.mixer,0.966712
2,8,9,vim_tiny,cifar10,0.3,6,base.layers.5.mixer,0.939002
2,8,9,vim_tiny,cifar10,0.3,7,base.layers.6.mixer,0.792281
2,8,9,vim_tiny,cifar10,0.3,8,base.layers.7.mixer,0.950045
2,8,9,vim_tiny,cifar10,0.3,9,base.layers.8.mixer,0.903144
2,8,9,vim_tiny,cifar10,0.3,10,base.layers.9.mixer,0.959977
2,8,9,vim_tiny,cifar10,0.3,11,base.layers.10.mixer,0.910250
2,8,9,vim_tiny,cifar10,0.3,12,base.layers.11.mixer,0.916654
2,8,9,vim_tiny,cifar10,0.3,13,classifier,0.792640
5,0,1,vim_tiny,cifar10,0.3,0,base.patch_embed,0.927108
5,0,1,vim_tiny,cifar10,0.3,1,base.layers.0.mixer,0.672209
5,0,1,vim_tiny,cifar10,0.3,2,base.layers.1.mixer,0.824151
5,0,1,vim_tiny,cifar10,0.3,3,base.layers.2.mixer,0.836191
5,0,1,vim_tiny,cifar10,0.3,4,base.layers.3.mixer,0.783927
5,0,1,vim_tiny,cifar10,0.3,5,base.layers.4.mixer,0.782750
5,0,1,vim_tiny,cifar10,0.3,6,base.layers.5.mixer,0.874171
5,0,1,vim_tiny,cifar10,0.3,7,base.layers.6.mixer,0.831836
5,0,1,vim_tiny,cifar10,0.3,8,base.layers.7.mixer,0.952175
5,0,1,vim_tiny,cifar10,0.3,9,base.layers.8.mixer,0.784540
5,0,1,vim_tiny,cifar10,0.3,10,base.layers.9.mixer,0.907921
5,0,1,vim_tiny,cifar10,0.3,11,base.layers.10.mixer,0.913777
5,0,1,vim_tiny,cifar10,0.3,12,base.layers.11.mixer,0.937564
5,0,1,vim_tiny,cifar10,0.3,13,classifier,0.462114
5,0,2,vim_tiny,cifar10,0.3,0,base.patch_embed,0.950851
5,0,2,vim_tiny,cifar10,0.3,1,base.layers.0.mixer,0.738506
5,0,2,vim_tiny,cifar10,0.3,2,base.layers.1.mixer,0.942150
5,0,2,vim_tiny,cifar10,0.3,3,base.layers.2.mixer,0.841484
5,0,2,vim_tiny,cifar10,0.3,4,base.layers.3.mixer,0.748517
5,0,2,vim_tiny,cifar10,0.3,5,base.layers.4.mixer,0.936089
5,0,2,vim_tiny,cifar10,0.3,6,base.layers.5.mixer,0.919019
5,0,2,vim_tiny,cifar10,0.3,7,base.layers.6.mixer,0.894866
5,0,2,vim_tiny,cifar10,0.3,8,base.layers.7.mixer,0.969530
5,0,2,vim_tiny,cifar10,0.3,9,base.layers.8.mixer,0.774934
5,0,2,vim_tiny,cifar10,0.3,10,base.layers.9.mixer,0.954112
5,0,2,vim_tiny,cifar10,0.3,11,base.layers.10.mixer,0.941415
5,0,2,vim_tiny,cifar10,0.3,12,base.layers.11.mixer,0.938240
5,0,2,vim_tiny,cifar10,0.3,13,classifier,0.729336
