round,client_id,model_name,dataset,alpha,layer_index,layer_name,cka_diagonal
1,0,res9,cifar10,1000.0,0,base.2,0.976291
1,0,res9,cifar10,1000.0,1,base.6,0.950919
1,0,res9,cifar10,1000.0,2,base.7,0.918191
1,0,res9,cifar10,1000.0,3,base.11,0.875723
1,0,res9,cifar10,1000.0,4,base.15,0.852170
1,0,res9,cifar10,1000.0,5,base.16,0.821394
1,0,res9,cifar10,1000.0,6,base.17,0.684397
1,0,res9,cifar10,1000.0,7,base.18,0.684397
1,0,res9,cifar10,1000.0,8,classifier,0.535682
1,4,res9,cifar10,1000.0,0,base.2,0.980930
1,4,res9,cifar10,1000.0,1,base.6,0.966840
1,4,res9,cifar10,1000.0,2,base.7,0.941062
1,4,res9,cifar10,1000.0,3,base.11,0.907345
1,4,res9,cifar10,1000.0,4,base.15,0.894121
1,4,res9,cifar10,1000.0,5,base.16,0.860276
1,4,res9,cifar10,1000.0,6,base.17,0.663014
1,4,res9,cifar10,1000.0,7,base.18,0.663014
1,4,res9,cifar10,1000.0,8,classifier,0.531506
1,1,res9,cifar10,1000.0,0,base.2,0.968374
1,1,res9,cifar10,1000.0,1,base.6,0.961482
1,1,res9,cifar10,1000.0,2,base.7,0.902563
1,1,res9,cifar10,1000.0,3,base.11,0.849430
1,1,res9,cifar10,1000.0,4,base.15,0.816587
1,1,res9,cifar10,1000.0,5,base.16,0.761083
1,1,res9,cifar10,1000.0,6,base.17,0.691961
1,1,res9,cifar10,1000.0,7,base.18,0.691961
1,1,res9,cifar10,1000.0,8,classifier,0.623812
1,6,res9,cifar10,1000.0,0,base.2,0.980203
1,6,res9,cifar10,1000.0,1,base.6,0.964803
1,6,res9,cifar10,1000.0,2,base.7,0.909341
1,6,res9,cifar10,1000.0,3,base.11,0.869762
1,6,res9,cifar10,1000.0,4,base.15,0.873743
1,6,res9,cifar10,1000.0,5,base.16,0.868735
1,6,res9,cifar10,1000.0,6,base.17,0.716732
1,6,res9,cifar10,1000.0,7,base.18,0.716732
1,6,res9,cifar10,1000.0,8,classifier,0.592738
1,3,res9,cifar10,1000.0,0,base.2,0.987406
1,3,res9,cifar10,1000.0,1,base.6,0.976811
1,3,res9,cifar10,1000.0,2,base.7,0.939846
1,3,res9,cifar10,1000.0,3,base.11,0.903461
1,3,res9,cifar10,1000.0,4,base.15,0.885878
1,3,res9,cifar10,1000.0,5,base.16,0.873181
1,3,res9,cifar10,1000.0,6,base.17,0.666885
1,3,res9,cifar10,1000.0,7,base.18,0.666885
1,3,res9,cifar10,1000.0,8,classifier,0.518826
1,2,res9,cifar10,1000.0,0,base.2,0.962664
1,2,res9,cifar10,1000.0,1,base.6,0.932948
1,2,res9,cifar10,1000.0,2,base.7,0.886218
1,2,res9,cifar10,1000.0,3,base.11,0.840577
1,2,res9,cifar10,1000.0,4,base.15,0.823324
1,2,res9,cifar10,1000.0,5,base.16,0.802299
1,2,res9,cifar10,1000.0,6,base.17,0.675219
1,2,res9,cifar10,1000.0,7,base.18,0.675219
1,2,res9,cifar10,1000.0,8,classifier,0.560402
1,9,res9,cifar10,1000.0,0,base.2,0.970431
1,9,res9,cifar10,1000.0,1,base.6,0.965911
1,9,res9,cifar10,1000.0,2,base.7,0.923796
1,9,res9,cifar10,1000.0,3,base.11,0.887425
1,9,res9,cifar10,1000.0,4,base.15,0.881839
1,9,res9,cifar10,1000.0,5,base.16,0.870865
1,9,res9,cifar10,1000.0,6,base.17,0.665798
1,9,res9,cifar10,1000.0,7,base.18,0.665798
1,9,res9,cifar10,1000.0,8,classifier,0.507468
1,5,res9,cifar10,1000.0,0,base.2,0.971758
1,5,res9,cifar10,1000.0,1,base.6,0.968884
1,5,res9,cifar10,1000.0,2,base.7,0.939943
1,5,res9,cifar10,1000.0,3,base.11,0.908070
1,5,res9,cifar10,1000.0,4,base.15,0.890533
1,5,res9,cifar10,1000.0,5,base.16,0.875156
1,5,res9,cifar10,1000.0,6,base.17,0.709174
1,5,res9,cifar10,1000.0,7,base.18,0.709174
1,5,res9,cifar10,1000.0,8,classifier,0.590819
1,7,res9,cifar10,1000.0,0,base.2,0.973010
1,7,res9,cifar10,1000.0,1,base.6,0.949257
1,7,res9,cifar10,1000.0,2,base.7,0.923765
1,7,res9,cifar10,1000.0,3,base.11,0.892000
1,7,res9,cifar10,1000.0,4,base.15,0.894329
1,7,res9,cifar10,1000.0,5,base.16,0.883484
1,7,res9,cifar10,1000.0,6,base.17,0.699806
1,7,res9,cifar10,1000.0,7,base.18,0.699806
1,7,res9,cifar10,1000.0,8,classifier,0.542052
1,8,res9,cifar10,1000.0,0,base.2,0.983838
1,8,res9,cifar10,1000.0,1,base.6,0.980856
1,8,res9,cifar10,1000.0,2,base.7,0.964780
1,8,res9,cifar10,1000.0,3,base.11,0.946155
1,8,res9,cifar10,1000.0,4,base.15,0.922498
1,8,res9,cifar10,1000.0,5,base.16,0.893256
1,8,res9,cifar10,1000.0,6,base.17,0.701739
1,8,res9,cifar10,1000.0,7,base.18,0.701739
1,8,res9,cifar10,1000.0,8,classifier,0.561111
2,5,res9,cifar10,1000.0,0,base.2,0.999021
2,5,res9,cifar10,1000.0,1,base.6,0.994487
2,5,res9,cifar10,1000.0,2,base.7,0.982768
2,5,res9,cifar10,1000.0,3,base.11,0.966328
2,5,res9,cifar10,1000.0,4,base.15,0.926834
2,5,res9,cifar10,1000.0,5,base.16,0.901929
2,5,res9,cifar10,1000.0,6,base.17,0.910483
2,5,res9,cifar10,1000.0,7,base.18,0.910483
2,5,res9,cifar10,1000.0,8,classifier,0.868210
2,0,res9,cifar10,1000.0,0,base.2,0.998028
2,0,res9,cifar10,1000.0,1,base.6,0.994053
2,0,res9,cifar10,1000.0,2,base.7,0.971162
2,0,res9,cifar10,1000.0,3,base.11,0.942268
2,0,res9,cifar10,1000.0,4,base.15,0.888577
2,0,res9,cifar10,1000.0,5,base.16,0.848062
2,0,res9,cifar10,1000.0,6,base.17,0.816158
2,0,res9,cifar10,1000.0,7,base.18,0.816158
2,0,res9,cifar10,1000.0,8,classifier,0.723246
2,2,res9,cifar10,1000.0,0,base.2,0.995838
2,2,res9,cifar10,1000.0,1,base.6,0.994588
2,2,res9,cifar10,1000.0,2,base.7,0.980392
2,2,res9,cifar10,1000.0,3,base.11,0.955259
2,2,res9,cifar10,1000.0,4,base.15,0.899208
2,2,res9,cifar10,1000.0,5,base.16,0.823347
2,2,res9,cifar10,1000.0,6,base.17,0.782071
2,2,res9,cifar10,1000.0,7,base.18,0.782071
2,2,res9,cifar10,1000.0,8,classifier,0.731331
2,1,res9,cifar10,1000.0,0,base.2,0.996515
2,1,res9,cifar10,1000.0,1,base.6,0.988902
2,1,res9,cifar10,1000.0,2,base.7,0.973887
2,1,res9,cifar10,1000.0,3,base.11,0.961363
2,1,res9,cifar10,1000.0,4,base.15,0.919371
2,1,res9,cifar10,1000.0,5,base.16,0.862107
2,1,res9,cifar10,1000.0,6,base.17,0.870757
2,1,res9,cifar10,1000.0,7,base.18,0.870757
2,1,res9,cifar10,1000.0,8,classifier,0.853607
2,7,res9,cifar10,1000.0,0,base.2,0.997245
2,7,res9,cifar10,1000.0,1,base.6,0.990737
2,7,res9,cifar10,1000.0,2,base.7,0.975463
2,7,res9,cifar10,1000.0,3,base.11,0.942435
2,7,res9,cifar10,1000.0,4,base.15,0.885824
2,7,res9,cifar10,1000.0,5,base.16,0.812799
2,7,res9,cifar10,1000.0,6,base.17,0.722004
2,7,res9,cifar10,1000.0,7,base.18,0.722004
2,7,res9,cifar10,1000.0,8,classifier,0.725340
2,4,res9,cifar10,1000.0,0,base.2,0.998910
2,4,res9,cifar10,1000.0,1,base.6,0.993904
2,4,res9,cifar10,1000.0,2,base.7,0.982044
2,4,res9,cifar10,1000.0,3,base.11,0.959820
2,4,res9,cifar10,1000.0,4,base.15,0.916193
2,4,res9,cifar10,1000.0,5,base.16,0.855652
2,4,res9,cifar10,1000.0,6,base.17,0.813158
2,4,res9,cifar10,1000.0,7,base.18,0.813158
2,4,res9,cifar10,1000.0,8,classifier,0.726957
2,9,res9,cifar10,1000.0,0,base.2,0.996580
2,9,res9,cifar10,1000.0,1,base.6,0.991674
2,9,res9,cifar10,1000.0,2,base.7,0.982710
2,9,res9,cifar10,1000.0,3,base.11,0.961988
2,9,res9,cifar10,1000.0,4,base.15,0.904547
2,9,res9,cifar10,1000.0,5,base.16,0.828993
2,9,res9,cifar10,1000.0,6,base.17,0.762050
2,9,res9,cifar10,1000.0,7,base.18,0.762050
2,9,res9,cifar10,1000.0,8,classifier,0.752324
2,3,res9,cifar10,1000.0,0,base.2,0.996875
2,3,res9,cifar10,1000.0,1,base.6,0.990088
2,3,res9,cifar10,1000.0,2,base.7,0.978752
2,3,res9,cifar10,1000.0,3,base.11,0.962244
2,3,res9,cifar10,1000.0,4,base.15,0.924008
2,3,res9,cifar10,1000.0,5,base.16,0.873747
2,3,res9,cifar10,1000.0,6,base.17,0.870912
2,3,res9,cifar10,1000.0,7,base.18,0.870912
2,3,res9,cifar10,1000.0,8,classifier,0.792063
2,8,res9,cifar10,1000.0,0,base.2,0.997937
2,8,res9,cifar10,1000.0,1,base.6,0.990897
2,8,res9,cifar10,1000.0,2,base.7,0.984869
2,8,res9,cifar10,1000.0,3,base.11,0.975612
2,8,res9,cifar10,1000.0,4,base.15,0.942107
2,8,res9,cifar10,1000.0,5,base.16,0.907819
2,8,res9,cifar10,1000.0,6,base.17,0.862868
2,8,res9,cifar10,1000.0,7,base.18,0.862868
2,8,res9,cifar10,1000.0,8,classifier,0.827821
2,6,res9,cifar10,1000.0,0,base.2,0.999438
2,6,res9,cifar10,1000.0,1,base.6,0.996561
2,6,res9,cifar10,1000.0,2,base.7,0.974791
2,6,res9,cifar10,1000.0,3,base.11,0.943928
2,6,res9,cifar10,1000.0,4,base.15,0.875751
2,6,res9,cifar10,1000.0,5,base.16,0.768089
2,6,res9,cifar10,1000.0,6,base.17,0.732450
2,6,res9,cifar10,1000.0,7,base.18,0.732450
2,6,res9,cifar10,1000.0,8,classifier,0.656396
5,0,res9,cifar10,1000.0,0,base.2,0.996870
5,0,res9,cifar10,1000.0,1,base.6,0.989236
5,0,res9,cifar10,1000.0,2,base.7,0.982730
5,0,res9,cifar10,1000.0,3,base.11,0.982331
5,0,res9,cifar10,1000.0,4,base.15,0.972853
5,0,res9,cifar10,1000.0,5,base.16,0.942514
5,0,res9,cifar10,1000.0,6,base.17,0.893793
5,0,res9,cifar10,1000.0,7,base.18,0.893793
5,0,res9,cifar10,1000.0,8,classifier,0.867619
5,6,res9,cifar10,1000.0,0,base.2,0.996804
5,6,res9,cifar10,1000.0,1,base.6,0.995822
5,6,res9,cifar10,1000.0,2,base.7,0.990008
5,6,res9,cifar10,1000.0,3,base.11,0.976316
5,6,res9,cifar10,1000.0,4,base.15,0.959383
5,6,res9,cifar10,1000.0,5,base.16,0.944146
5,6,res9,cifar10,1000.0,6,base.17,0.858884
5,6,res9,cifar10,1000.0,7,base.18,0.858884
5,6,res9,cifar10,1000.0,8,classifier,0.817920
5,1,res9,cifar10,1000.0,0,base.2,0.997154
5,1,res9,cifar10,1000.0,1,base.6,0.993882
5,1,res9,cifar10,1000.0,2,base.7,0.990290
5,1,res9,cifar10,1000.0,3,base.11,0.986677
5,1,res9,cifar10,1000.0,4,base.15,0.979600
5,1,res9,cifar10,1000.0,5,base.16,0.973327
5,1,res9,cifar10,1000.0,6,base.17,0.935229
5,1,res9,cifar10,1000.0,7,base.18,0.935229
5,1,res9,cifar10,1000.0,8,classifier,0.934012
5,4,res9,cifar10,1000.0,0,base.2,0.998610
5,4,res9,cifar10,1000.0,1,base.6,0.996374
5,4,res9,cifar10,1000.0,2,base.7,0.990166
5,4,res9,cifar10,1000.0,3,base.11,0.990065
5,4,res9,cifar10,1000.0,4,base.15,0.990852
5,4,res9,cifar10,1000.0,5,base.16,0.986956
5,4,res9,cifar10,1000.0,6,base.17,0.935432
5,4,res9,cifar10,1000.0,7,base.18,0.935432
5,4,res9,cifar10,1000.0,8,classifier,0.918804
5,3,res9,cifar10,1000.0,0,base.2,0.996055
5,3,res9,cifar10,1000.0,1,base.6,0.985072
5,3,res9,cifar10,1000.0,2,base.7,0.959418
5,3,res9,cifar10,1000.0,3,base.11,0.952955
5,3,res9,cifar10,1000.0,4,base.15,0.942816
5,3,res9,cifar10,1000.0,5,base.16,0.952498
5,3,res9,cifar10,1000.0,6,base.17,0.883722
5,3,res9,cifar10,1000.0,7,base.18,0.883722
5,3,res9,cifar10,1000.0,8,classifier,0.893727
5,9,res9,cifar10,1000.0,0,base.2,0.999163
5,9,res9,cifar10,1000.0,1,base.6,0.996422
5,9,res9,cifar10,1000.0,2,base.7,0.989919
5,9,res9,cifar10,1000.0,3,base.11,0.984021
5,9,res9,cifar10,1000.0,4,base.15,0.978919
5,9,res9,cifar10,1000.0,5,base.16,0.967069
5,9,res9,cifar10,1000.0,6,base.17,0.909309
5,9,res9,cifar10,1000.0,7,base.18,0.909309
5,9,res9,cifar10,1000.0,8,classifier,0.876283
5,8,res9,cifar10,1000.0,0,base.2,0.993688
5,8,res9,cifar10,1000.0,1,base.6,0.990398
5,8,res9,cifar10,1000.0,2,base.7,0.988474
5,8,res9,cifar10,1000.0,3,base.11,0.989522
5,8,res9,cifar10,1000.0,4,base.15,0.988499
5,8,res9,cifar10,1000.0,5,base.16,0.980685
5,8,res9,cifar10,1000.0,6,base.17,0.922736
5,8,res9,cifar10,1000.0,7,base.18,0.922736
5,8,res9,cifar10,1000.0,8,classifier,0.879170
5,7,res9,cifar10,1000.0,0,base.2,0.998283
5,7,res9,cifar10,1000.0,1,base.6,0.996051
5,7,res9,cifar10,1000.0,2,base.7,0.992183
5,7,res9,cifar10,1000.0,3,base.11,0.976284
5,7,res9,cifar10,1000.0,4,base.15,0.957918
5,7,res9,cifar10,1000.0,5,base.16,0.957492
5,7,res9,cifar10,1000.0,6,base.17,0.882918
5,7,res9,cifar10,1000.0,7,base.18,0.882918
5,7,res9,cifar10,1000.0,8,classifier,0.892951
5,2,res9,cifar10,1000.0,0,base.2,0.999375
5,2,res9,cifar10,1000.0,1,base.6,0.998016
5,2,res9,cifar10,1000.0,2,base.7,0.992713
5,2,res9,cifar10,1000.0,3,base.11,0.984894
5,2,res9,cifar10,1000.0,4,base.15,0.970137
5,2,res9,cifar10,1000.0,5,base.16,0.943053
5,2,res9,cifar10,1000.0,6,base.17,0.896685
5,2,res9,cifar10,1000.0,7,base.18,0.896685
5,2,res9,cifar10,1000.0,8,classifier,0.901430
5,5,res9,cifar10,1000.0,0,base.2,0.998924
5,5,res9,cifar10,1000.0,1,base.6,0.993713
5,5,res9,cifar10,1000.0,2,base.7,0.973705
5,5,res9,cifar10,1000.0,3,base.11,0.974633
5,5,res9,cifar10,1000.0,4,base.15,0.972810
5,5,res9,cifar10,1000.0,5,base.16,0.979735
5,5,res9,cifar10,1000.0,6,base.17,0.904022
5,5,res9,cifar10,1000.0,7,base.18,0.904022
5,5,res9,cifar10,1000.0,8,classifier,0.840166
10,0,res9,cifar10,1000.0,0,base.2,0.997312
10,0,res9,cifar10,1000.0,1,base.6,0.997480
10,0,res9,cifar10,1000.0,2,base.7,0.996697
10,0,res9,cifar10,1000.0,3,base.11,0.997109
10,0,res9,cifar10,1000.0,4,base.15,0.995828
10,0,res9,cifar10,1000.0,5,base.16,0.985450
10,0,res9,cifar10,1000.0,6,base.17,0.925047
10,0,res9,cifar10,1000.0,7,base.18,0.925047
10,0,res9,cifar10,1000.0,8,classifier,0.951048
10,1,res9,cifar10,1000.0,0,base.2,0.999106
10,1,res9,cifar10,1000.0,1,base.6,0.996141
10,1,res9,cifar10,1000.0,2,base.7,0.993322
10,1,res9,cifar10,1000.0,3,base.11,0.991293
10,1,res9,cifar10,1000.0,4,base.15,0.988255
10,1,res9,cifar10,1000.0,5,base.16,0.990181
10,1,res9,cifar10,1000.0,6,base.17,0.942836
10,1,res9,cifar10,1000.0,7,base.18,0.942836
10,1,res9,cifar10,1000.0,8,classifier,0.921370
10,2,res9,cifar10,1000.0,0,base.2,0.997546
10,2,res9,cifar10,1000.0,1,base.6,0.996597
10,2,res9,cifar10,1000.0,2,base.7,0.995701
10,2,res9,cifar10,1000.0,3,base.11,0.992298
10,2,res9,cifar10,1000.0,4,base.15,0.986141
10,2,res9,cifar10,1000.0,5,base.16,0.979737
10,2,res9,cifar10,1000.0,6,base.17,0.898399
10,2,res9,cifar10,1000.0,7,base.18,0.898399
10,2,res9,cifar10,1000.0,8,classifier,0.841074
10,8,res9,cifar10,1000.0,0,base.2,0.998699
10,8,res9,cifar10,1000.0,1,base.6,0.996882
10,8,res9,cifar10,1000.0,2,base.7,0.993532
10,8,res9,cifar10,1000.0,3,base.11,0.993066
10,8,res9,cifar10,1000.0,4,base.15,0.993015
10,8,res9,cifar10,1000.0,5,base.16,0.978133
10,8,res9,cifar10,1000.0,6,base.17,0.896274
10,8,res9,cifar10,1000.0,7,base.18,0.896274
10,8,res9,cifar10,1000.0,8,classifier,0.885107
10,9,res9,cifar10,1000.0,0,base.2,0.997915
10,9,res9,cifar10,1000.0,1,base.6,0.995912
10,9,res9,cifar10,1000.0,2,base.7,0.994582
10,9,res9,cifar10,1000.0,3,base.11,0.992949
10,9,res9,cifar10,1000.0,4,base.15,0.990150
10,9,res9,cifar10,1000.0,5,base.16,0.972954
10,9,res9,cifar10,1000.0,6,base.17,0.842016
10,9,res9,cifar10,1000.0,7,base.18,0.842016
10,9,res9,cifar10,1000.0,8,classifier,0.837140
10,7,res9,cifar10,1000.0,0,base.2,0.998896
10,7,res9,cifar10,1000.0,1,base.6,0.997390
10,7,res9,cifar10,1000.0,2,base.7,0.993192
10,7,res9,cifar10,1000.0,3,base.11,0.992016
10,7,res9,cifar10,1000.0,4,base.15,0.993000
10,7,res9,cifar10,1000.0,5,base.16,0.985109
10,7,res9,cifar10,1000.0,6,base.17,0.889705
10,7,res9,cifar10,1000.0,7,base.18,0.889705
10,7,res9,cifar10,1000.0,8,classifier,0.899742
10,3,res9,cifar10,1000.0,0,base.2,0.998792
10,3,res9,cifar10,1000.0,1,base.6,0.996446
10,3,res9,cifar10,1000.0,2,base.7,0.988841
10,3,res9,cifar10,1000.0,3,base.11,0.979925
10,3,res9,cifar10,1000.0,4,base.15,0.969719
10,3,res9,cifar10,1000.0,5,base.16,0.977347
10,3,res9,cifar10,1000.0,6,base.17,0.891433
10,3,res9,cifar10,1000.0,7,base.18,0.891433
10,3,res9,cifar10,1000.0,8,classifier,0.924250
10,4,res9,cifar10,1000.0,0,base.2,0.998757
10,4,res9,cifar10,1000.0,1,base.6,0.998387
10,4,res9,cifar10,1000.0,2,base.7,0.994816
10,4,res9,cifar10,1000.0,3,base.11,0.992348
10,4,res9,cifar10,1000.0,4,base.15,0.990246
10,4,res9,cifar10,1000.0,5,base.16,0.988296
10,4,res9,cifar10,1000.0,6,base.17,0.917315
10,4,res9,cifar10,1000.0,7,base.18,0.917315
10,4,res9,cifar10,1000.0,8,classifier,0.895463
10,6,res9,cifar10,1000.0,0,base.2,0.999263
10,6,res9,cifar10,1000.0,1,base.6,0.997302
10,6,res9,cifar10,1000.0,2,base.7,0.995707
10,6,res9,cifar10,1000.0,3,base.11,0.994224
10,6,res9,cifar10,1000.0,4,base.15,0.989411
10,6,res9,cifar10,1000.0,5,base.16,0.960237
10,6,res9,cifar10,1000.0,6,base.17,0.890972
10,6,res9,cifar10,1000.0,7,base.18,0.890972
10,6,res9,cifar10,1000.0,8,classifier,0.875727
10,5,res9,cifar10,1000.0,0,base.2,0.998792
10,5,res9,cifar10,1000.0,1,base.6,0.997175
10,5,res9,cifar10,1000.0,2,base.7,0.992651
10,5,res9,cifar10,1000.0,3,base.11,0.991668
10,5,res9,cifar10,1000.0,4,base.15,0.987808
10,5,res9,cifar10,1000.0,5,base.16,0.976185
10,5,res9,cifar10,1000.0,6,base.17,0.904756
10,5,res9,cifar10,1000.0,7,base.18,0.904756
10,5,res9,cifar10,1000.0,8,classifier,0.910913
20,7,res9,cifar10,1000.0,0,base.2,0.994454
20,7,res9,cifar10,1000.0,1,base.6,0.994564
20,7,res9,cifar10,1000.0,2,base.7,0.994359
20,7,res9,cifar10,1000.0,3,base.11,0.996824
20,7,res9,cifar10,1000.0,4,base.15,0.995392
20,7,res9,cifar10,1000.0,5,base.16,0.992848
20,7,res9,cifar10,1000.0,6,base.17,0.959953
20,7,res9,cifar10,1000.0,7,base.18,0.959953
20,7,res9,cifar10,1000.0,8,classifier,0.960896
20,0,res9,cifar10,1000.0,0,base.2,0.998689
20,0,res9,cifar10,1000.0,1,base.6,0.998803
20,0,res9,cifar10,1000.0,2,base.7,0.998064
20,0,res9,cifar10,1000.0,3,base.11,0.996609
20,0,res9,cifar10,1000.0,4,base.15,0.996221
20,0,res9,cifar10,1000.0,5,base.16,0.990330
20,0,res9,cifar10,1000.0,6,base.17,0.931424
20,0,res9,cifar10,1000.0,7,base.18,0.931424
20,0,res9,cifar10,1000.0,8,classifier,0.927875
20,4,res9,cifar10,1000.0,0,base.2,0.998990
20,4,res9,cifar10,1000.0,1,base.6,0.997953
20,4,res9,cifar10,1000.0,2,base.7,0.998174
20,4,res9,cifar10,1000.0,3,base.11,0.997247
20,4,res9,cifar10,1000.0,4,base.15,0.996470
20,4,res9,cifar10,1000.0,5,base.16,0.991782
20,4,res9,cifar10,1000.0,6,base.17,0.938675
20,4,res9,cifar10,1000.0,7,base.18,0.938675
20,4,res9,cifar10,1000.0,8,classifier,0.913604
20,2,res9,cifar10,1000.0,0,base.2,0.998123
20,2,res9,cifar10,1000.0,1,base.6,0.996875
20,2,res9,cifar10,1000.0,2,base.7,0.996721
20,2,res9,cifar10,1000.0,3,base.11,0.995775
20,2,res9,cifar10,1000.0,4,base.15,0.994377
20,2,res9,cifar10,1000.0,5,base.16,0.980920
20,2,res9,cifar10,1000.0,6,base.17,0.945669
20,2,res9,cifar10,1000.0,7,base.18,0.945669
20,2,res9,cifar10,1000.0,8,classifier,0.901293
20,9,res9,cifar10,1000.0,0,base.2,0.998122
20,9,res9,cifar10,1000.0,1,base.6,0.997727
20,9,res9,cifar10,1000.0,2,base.7,0.994893
20,9,res9,cifar10,1000.0,3,base.11,0.990261
20,9,res9,cifar10,1000.0,4,base.15,0.987708
20,9,res9,cifar10,1000.0,5,base.16,0.984992
20,9,res9,cifar10,1000.0,6,base.17,0.923240
20,9,res9,cifar10,1000.0,7,base.18,0.923240
20,9,res9,cifar10,1000.0,8,classifier,0.921637
20,3,res9,cifar10,1000.0,0,base.2,0.996791
20,3,res9,cifar10,1000.0,1,base.6,0.997393
20,3,res9,cifar10,1000.0,2,base.7,0.996898
20,3,res9,cifar10,1000.0,3,base.11,0.996025
20,3,res9,cifar10,1000.0,4,base.15,0.992877
20,3,res9,cifar10,1000.0,5,base.16,0.992622
20,3,res9,cifar10,1000.0,6,base.17,0.937714
20,3,res9,cifar10,1000.0,7,base.18,0.937714
20,3,res9,cifar10,1000.0,8,classifier,0.947182
20,1,res9,cifar10,1000.0,0,base.2,0.997832
20,1,res9,cifar10,1000.0,1,base.6,0.997044
20,1,res9,cifar10,1000.0,2,base.7,0.995692
20,1,res9,cifar10,1000.0,3,base.11,0.996448
20,1,res9,cifar10,1000.0,4,base.15,0.995246
20,1,res9,cifar10,1000.0,5,base.16,0.984472
20,1,res9,cifar10,1000.0,6,base.17,0.912287
20,1,res9,cifar10,1000.0,7,base.18,0.912287
20,1,res9,cifar10,1000.0,8,classifier,0.897811
20,6,res9,cifar10,1000.0,0,base.2,0.997064
20,6,res9,cifar10,1000.0,1,base.6,0.997255
20,6,res9,cifar10,1000.0,2,base.7,0.996770
20,6,res9,cifar10,1000.0,3,base.11,0.996300
20,6,res9,cifar10,1000.0,4,base.15,0.994707
20,6,res9,cifar10,1000.0,5,base.16,0.986787
20,6,res9,cifar10,1000.0,6,base.17,0.914319
20,6,res9,cifar10,1000.0,7,base.18,0.914319
20,6,res9,cifar10,1000.0,8,classifier,0.896255
20,5,res9,cifar10,1000.0,0,base.2,0.998357
20,5,res9,cifar10,1000.0,1,base.6,0.996785
20,5,res9,cifar10,1000.0,2,base.7,0.994130
20,5,res9,cifar10,1000.0,3,base.11,0.994541
20,5,res9,cifar10,1000.0,4,base.15,0.993706
20,5,res9,cifar10,1000.0,5,base.16,0.988111
20,5,res9,cifar10,1000.0,6,base.17,0.907742
20,5,res9,cifar10,1000.0,7,base.18,0.907742
20,5,res9,cifar10,1000.0,8,classifier,0.913725
20,8,res9,cifar10,1000.0,0,base.2,0.997048
20,8,res9,cifar10,1000.0,1,base.6,0.996312
20,8,res9,cifar10,1000.0,2,base.7,0.994589
20,8,res9,cifar10,1000.0,3,base.11,0.994242
20,8,res9,cifar10,1000.0,4,base.15,0.994560
20,8,res9,cifar10,1000.0,5,base.16,0.985800
20,8,res9,cifar10,1000.0,6,base.17,0.958028
20,8,res9,cifar10,1000.0,7,base.18,0.958028
20,8,res9,cifar10,1000.0,8,classifier,0.911834
30,6,res9,cifar10,1000.0,0,base.2,0.998360
30,6,res9,cifar10,1000.0,1,base.6,0.998370
30,6,res9,cifar10,1000.0,2,base.7,0.997096
30,6,res9,cifar10,1000.0,3,base.11,0.995378
30,6,res9,cifar10,1000.0,4,base.15,0.990892
30,6,res9,cifar10,1000.0,5,base.16,0.981451
30,6,res9,cifar10,1000.0,6,base.17,0.943712
30,6,res9,cifar10,1000.0,7,base.18,0.943712
30,6,res9,cifar10,1000.0,8,classifier,0.913183
30,8,res9,cifar10,1000.0,0,base.2,0.998315
30,8,res9,cifar10,1000.0,1,base.6,0.995994
30,8,res9,cifar10,1000.0,2,base.7,0.995117
30,8,res9,cifar10,1000.0,3,base.11,0.994916
30,8,res9,cifar10,1000.0,4,base.15,0.994647
30,8,res9,cifar10,1000.0,5,base.16,0.987342
30,8,res9,cifar10,1000.0,6,base.17,0.930942
30,8,res9,cifar10,1000.0,7,base.18,0.930942
30,8,res9,cifar10,1000.0,8,classifier,0.880593
30,9,res9,cifar10,1000.0,0,base.2,0.999630
30,9,res9,cifar10,1000.0,1,base.6,0.998933
30,9,res9,cifar10,1000.0,2,base.7,0.996249
30,9,res9,cifar10,1000.0,3,base.11,0.996333
30,9,res9,cifar10,1000.0,4,base.15,0.996316
30,9,res9,cifar10,1000.0,5,base.16,0.994531
30,9,res9,cifar10,1000.0,6,base.17,0.960547
30,9,res9,cifar10,1000.0,7,base.18,0.960547
30,9,res9,cifar10,1000.0,8,classifier,0.942342
30,5,res9,cifar10,1000.0,0,base.2,0.999033
30,5,res9,cifar10,1000.0,1,base.6,0.998157
30,5,res9,cifar10,1000.0,2,base.7,0.997144
30,5,res9,cifar10,1000.0,3,base.11,0.996855
30,5,res9,cifar10,1000.0,4,base.15,0.992902
30,5,res9,cifar10,1000.0,5,base.16,0.981024
30,5,res9,cifar10,1000.0,6,base.17,0.928138
30,5,res9,cifar10,1000.0,7,base.18,0.928138
30,5,res9,cifar10,1000.0,8,classifier,0.886430
30,4,res9,cifar10,1000.0,0,base.2,0.999407
30,4,res9,cifar10,1000.0,1,base.6,0.999084
30,4,res9,cifar10,1000.0,2,base.7,0.998318
30,4,res9,cifar10,1000.0,3,base.11,0.998356
30,4,res9,cifar10,1000.0,4,base.15,0.997600
30,4,res9,cifar10,1000.0,5,base.16,0.990155
30,4,res9,cifar10,1000.0,6,base.17,0.944583
30,4,res9,cifar10,1000.0,7,base.18,0.944583
30,4,res9,cifar10,1000.0,8,classifier,0.901689
30,7,res9,cifar10,1000.0,0,base.2,0.996649
30,7,res9,cifar10,1000.0,1,base.6,0.996080
30,7,res9,cifar10,1000.0,2,base.7,0.995386
30,7,res9,cifar10,1000.0,3,base.11,0.997874
30,7,res9,cifar10,1000.0,4,base.15,0.997109
30,7,res9,cifar10,1000.0,5,base.16,0.990243
30,7,res9,cifar10,1000.0,6,base.17,0.946173
30,7,res9,cifar10,1000.0,7,base.18,0.946173
30,7,res9,cifar10,1000.0,8,classifier,0.921515
30,3,res9,cifar10,1000.0,0,base.2,0.997976
30,3,res9,cifar10,1000.0,1,base.6,0.998991
30,3,res9,cifar10,1000.0,2,base.7,0.998839
30,3,res9,cifar10,1000.0,3,base.11,0.999001
30,3,res9,cifar10,1000.0,4,base.15,0.998435
30,3,res9,cifar10,1000.0,5,base.16,0.990201
30,3,res9,cifar10,1000.0,6,base.17,0.924897
30,3,res9,cifar10,1000.0,7,base.18,0.924897
30,3,res9,cifar10,1000.0,8,classifier,0.931584
30,2,res9,cifar10,1000.0,0,base.2,0.999575
30,2,res9,cifar10,1000.0,1,base.6,0.999036
30,2,res9,cifar10,1000.0,2,base.7,0.997475
30,2,res9,cifar10,1000.0,3,base.11,0.996798
30,2,res9,cifar10,1000.0,4,base.15,0.995998
30,2,res9,cifar10,1000.0,5,base.16,0.990079
30,2,res9,cifar10,1000.0,6,base.17,0.931728
30,2,res9,cifar10,1000.0,7,base.18,0.931728
30,2,res9,cifar10,1000.0,8,classifier,0.886158
30,1,res9,cifar10,1000.0,0,base.2,0.998997
30,1,res9,cifar10,1000.0,1,base.6,0.996817
30,1,res9,cifar10,1000.0,2,base.7,0.997084
30,1,res9,cifar10,1000.0,3,base.11,0.997366
30,1,res9,cifar10,1000.0,4,base.15,0.996347
30,1,res9,cifar10,1000.0,5,base.16,0.989841
30,1,res9,cifar10,1000.0,6,base.17,0.944382
30,1,res9,cifar10,1000.0,7,base.18,0.944382
30,1,res9,cifar10,1000.0,8,classifier,0.934037
30,0,res9,cifar10,1000.0,0,base.2,0.998871
30,0,res9,cifar10,1000.0,1,base.6,0.998971
30,0,res9,cifar10,1000.0,2,base.7,0.998115
30,0,res9,cifar10,1000.0,3,base.11,0.998849
30,0,res9,cifar10,1000.0,4,base.15,0.997924
30,0,res9,cifar10,1000.0,5,base.16,0.990550
30,0,res9,cifar10,1000.0,6,base.17,0.948652
30,0,res9,cifar10,1000.0,7,base.18,0.948652
30,0,res9,cifar10,1000.0,8,classifier,0.914421
40,8,res9,cifar10,1000.0,0,base.2,0.998839
40,8,res9,cifar10,1000.0,1,base.6,0.997395
40,8,res9,cifar10,1000.0,2,base.7,0.997646
40,8,res9,cifar10,1000.0,3,base.11,0.996994
40,8,res9,cifar10,1000.0,4,base.15,0.993788
40,8,res9,cifar10,1000.0,5,base.16,0.979474
40,8,res9,cifar10,1000.0,6,base.17,0.944575
40,8,res9,cifar10,1000.0,7,base.18,0.944575
40,8,res9,cifar10,1000.0,8,classifier,0.884935
40,0,res9,cifar10,1000.0,0,base.2,0.999110
40,0,res9,cifar10,1000.0,1,base.6,0.998793
40,0,res9,cifar10,1000.0,2,base.7,0.998768
40,0,res9,cifar10,1000.0,3,base.11,0.998515
40,0,res9,cifar10,1000.0,4,base.15,0.997431
40,0,res9,cifar10,1000.0,5,base.16,0.991041
40,0,res9,cifar10,1000.0,6,base.17,0.965955
40,0,res9,cifar10,1000.0,7,base.18,0.965955
40,0,res9,cifar10,1000.0,8,classifier,0.959634
40,2,res9,cifar10,1000.0,0,base.2,0.999210
40,2,res9,cifar10,1000.0,1,base.6,0.997574
40,2,res9,cifar10,1000.0,2,base.7,0.996868
40,2,res9,cifar10,1000.0,3,base.11,0.997601
40,2,res9,cifar10,1000.0,4,base.15,0.996927
40,2,res9,cifar10,1000.0,5,base.16,0.989366
40,2,res9,cifar10,1000.0,6,base.17,0.954022
40,2,res9,cifar10,1000.0,7,base.18,0.954022
40,2,res9,cifar10,1000.0,8,classifier,0.946041
40,5,res9,cifar10,1000.0,0,base.2,0.997700
40,5,res9,cifar10,1000.0,1,base.6,0.997176
40,5,res9,cifar10,1000.0,2,base.7,0.995722
40,5,res9,cifar10,1000.0,3,base.11,0.997143
40,5,res9,cifar10,1000.0,4,base.15,0.996309
40,5,res9,cifar10,1000.0,5,base.16,0.992911
40,5,res9,cifar10,1000.0,6,base.17,0.936628
40,5,res9,cifar10,1000.0,7,base.18,0.936628
40,5,res9,cifar10,1000.0,8,classifier,0.899130
40,9,res9,cifar10,1000.0,0,base.2,0.998660
40,9,res9,cifar10,1000.0,1,base.6,0.998375
40,9,res9,cifar10,1000.0,2,base.7,0.997285
40,9,res9,cifar10,1000.0,3,base.11,0.996470
40,9,res9,cifar10,1000.0,4,base.15,0.996687
40,9,res9,cifar10,1000.0,5,base.16,0.985433
40,9,res9,cifar10,1000.0,6,base.17,0.939474
40,9,res9,cifar10,1000.0,7,base.18,0.939474
40,9,res9,cifar10,1000.0,8,classifier,0.920031
40,3,res9,cifar10,1000.0,0,base.2,0.999081
40,3,res9,cifar10,1000.0,1,base.6,0.999108
40,3,res9,cifar10,1000.0,2,base.7,0.999021
40,3,res9,cifar10,1000.0,3,base.11,0.998466
40,3,res9,cifar10,1000.0,4,base.15,0.997423
40,3,res9,cifar10,1000.0,5,base.16,0.988318
40,3,res9,cifar10,1000.0,6,base.17,0.922597
40,3,res9,cifar10,1000.0,7,base.18,0.922597
40,3,res9,cifar10,1000.0,8,classifier,0.911274
40,7,res9,cifar10,1000.0,0,base.2,0.998389
40,7,res9,cifar10,1000.0,1,base.6,0.997488
40,7,res9,cifar10,1000.0,2,base.7,0.996246
40,7,res9,cifar10,1000.0,3,base.11,0.996834
40,7,res9,cifar10,1000.0,4,base.15,0.996458
40,7,res9,cifar10,1000.0,5,base.16,0.991923
40,7,res9,cifar10,1000.0,6,base.17,0.934892
40,7,res9,cifar10,1000.0,7,base.18,0.934892
40,7,res9,cifar10,1000.0,8,classifier,0.933284
40,6,res9,cifar10,1000.0,0,base.2,0.999258
40,6,res9,cifar10,1000.0,1,base.6,0.998320
40,6,res9,cifar10,1000.0,2,base.7,0.998351
40,6,res9,cifar10,1000.0,3,base.11,0.998169
40,6,res9,cifar10,1000.0,4,base.15,0.997987
40,6,res9,cifar10,1000.0,5,base.16,0.994364
40,6,res9,cifar10,1000.0,6,base.17,0.967435
40,6,res9,cifar10,1000.0,7,base.18,0.967435
40,6,res9,cifar10,1000.0,8,classifier,0.958076
40,1,res9,cifar10,1000.0,0,base.2,0.999223
40,1,res9,cifar10,1000.0,1,base.6,0.997104
40,1,res9,cifar10,1000.0,2,base.7,0.998375
40,1,res9,cifar10,1000.0,3,base.11,0.998744
40,1,res9,cifar10,1000.0,4,base.15,0.997596
40,1,res9,cifar10,1000.0,5,base.16,0.993069
40,1,res9,cifar10,1000.0,6,base.17,0.966342
40,1,res9,cifar10,1000.0,7,base.18,0.966342
40,1,res9,cifar10,1000.0,8,classifier,0.940315
40,4,res9,cifar10,1000.0,0,base.2,0.998617
40,4,res9,cifar10,1000.0,1,base.6,0.998814
40,4,res9,cifar10,1000.0,2,base.7,0.997685
40,4,res9,cifar10,1000.0,3,base.11,0.997027
40,4,res9,cifar10,1000.0,4,base.15,0.996835
40,4,res9,cifar10,1000.0,5,base.16,0.993126
40,4,res9,cifar10,1000.0,6,base.17,0.945152
40,4,res9,cifar10,1000.0,7,base.18,0.945152
40,4,res9,cifar10,1000.0,8,classifier,0.906683
50,8,res9,cifar10,1000.0,0,base.2,0.999376
50,8,res9,cifar10,1000.0,1,base.6,0.998918
50,8,res9,cifar10,1000.0,2,base.7,0.998682
50,8,res9,cifar10,1000.0,3,base.11,0.998095
50,8,res9,cifar10,1000.0,4,base.15,0.995219
50,8,res9,cifar10,1000.0,5,base.16,0.980405
50,8,res9,cifar10,1000.0,6,base.17,0.949732
50,8,res9,cifar10,1000.0,7,base.18,0.949732
50,8,res9,cifar10,1000.0,8,classifier,0.902589
50,6,res9,cifar10,1000.0,0,base.2,0.998708
50,6,res9,cifar10,1000.0,1,base.6,0.996412
50,6,res9,cifar10,1000.0,2,base.7,0.997443
50,6,res9,cifar10,1000.0,3,base.11,0.996632
50,6,res9,cifar10,1000.0,4,base.15,0.994409
50,6,res9,cifar10,1000.0,5,base.16,0.989785
50,6,res9,cifar10,1000.0,6,base.17,0.961259
50,6,res9,cifar10,1000.0,7,base.18,0.961259
50,6,res9,cifar10,1000.0,8,classifier,0.948433
50,1,res9,cifar10,1000.0,0,base.2,0.997665
50,1,res9,cifar10,1000.0,1,base.6,0.994938
50,1,res9,cifar10,1000.0,2,base.7,0.996263
50,1,res9,cifar10,1000.0,3,base.11,0.997970
50,1,res9,cifar10,1000.0,4,base.15,0.998397
50,1,res9,cifar10,1000.0,5,base.16,0.994149
50,1,res9,cifar10,1000.0,6,base.17,0.963282
50,1,res9,cifar10,1000.0,7,base.18,0.963282
50,1,res9,cifar10,1000.0,8,classifier,0.945434
50,5,res9,cifar10,1000.0,0,base.2,0.999230
50,5,res9,cifar10,1000.0,1,base.6,0.998644
50,5,res9,cifar10,1000.0,2,base.7,0.997853
50,5,res9,cifar10,1000.0,3,base.11,0.998733
50,5,res9,cifar10,1000.0,4,base.15,0.997800
50,5,res9,cifar10,1000.0,5,base.16,0.991785
50,5,res9,cifar10,1000.0,6,base.17,0.932707
50,5,res9,cifar10,1000.0,7,base.18,0.932707
50,5,res9,cifar10,1000.0,8,classifier,0.838560
50,3,res9,cifar10,1000.0,0,base.2,0.997680
50,3,res9,cifar10,1000.0,1,base.6,0.997762
50,3,res9,cifar10,1000.0,2,base.7,0.996884
50,3,res9,cifar10,1000.0,3,base.11,0.998327
50,3,res9,cifar10,1000.0,4,base.15,0.997874
50,3,res9,cifar10,1000.0,5,base.16,0.993859
50,3,res9,cifar10,1000.0,6,base.17,0.959947
50,3,res9,cifar10,1000.0,7,base.18,0.959947
50,3,res9,cifar10,1000.0,8,classifier,0.942798
50,9,res9,cifar10,1000.0,0,base.2,0.999636
50,9,res9,cifar10,1000.0,1,base.6,0.998896
50,9,res9,cifar10,1000.0,2,base.7,0.997662
50,9,res9,cifar10,1000.0,3,base.11,0.997950
50,9,res9,cifar10,1000.0,4,base.15,0.997738
50,9,res9,cifar10,1000.0,5,base.16,0.989590
50,9,res9,cifar10,1000.0,6,base.17,0.934824
50,9,res9,cifar10,1000.0,7,base.18,0.934824
50,9,res9,cifar10,1000.0,8,classifier,0.908910
50,2,res9,cifar10,1000.0,0,base.2,0.999060
50,2,res9,cifar10,1000.0,1,base.6,0.998976
50,2,res9,cifar10,1000.0,2,base.7,0.998837
50,2,res9,cifar10,1000.0,3,base.11,0.998718
50,2,res9,cifar10,1000.0,4,base.15,0.998226
50,2,res9,cifar10,1000.0,5,base.16,0.988816
50,2,res9,cifar10,1000.0,6,base.17,0.936819
50,2,res9,cifar10,1000.0,7,base.18,0.936819
50,2,res9,cifar10,1000.0,8,classifier,0.919351
50,0,res9,cifar10,1000.0,0,base.2,0.999092
50,0,res9,cifar10,1000.0,1,base.6,0.998208
50,0,res9,cifar10,1000.0,2,base.7,0.998087
50,0,res9,cifar10,1000.0,3,base.11,0.998459
50,0,res9,cifar10,1000.0,4,base.15,0.998356
50,0,res9,cifar10,1000.0,5,base.16,0.991499
50,0,res9,cifar10,1000.0,6,base.17,0.948811
50,0,res9,cifar10,1000.0,7,base.18,0.948811
50,0,res9,cifar10,1000.0,8,classifier,0.943649
50,4,res9,cifar10,1000.0,0,base.2,0.999385
50,4,res9,cifar10,1000.0,1,base.6,0.998654
50,4,res9,cifar10,1000.0,2,base.7,0.997427
50,4,res9,cifar10,1000.0,3,base.11,0.996718
50,4,res9,cifar10,1000.0,4,base.15,0.997439
50,4,res9,cifar10,1000.0,5,base.16,0.993514
50,4,res9,cifar10,1000.0,6,base.17,0.952728
50,4,res9,cifar10,1000.0,7,base.18,0.952728
50,4,res9,cifar10,1000.0,8,classifier,0.931791
50,7,res9,cifar10,1000.0,0,base.2,0.999036
50,7,res9,cifar10,1000.0,1,base.6,0.998256
50,7,res9,cifar10,1000.0,2,base.7,0.997820
50,7,res9,cifar10,1000.0,3,base.11,0.998185
50,7,res9,cifar10,1000.0,4,base.15,0.995315
50,7,res9,cifar10,1000.0,5,base.16,0.987640
50,7,res9,cifar10,1000.0,6,base.17,0.929036
50,7,res9,cifar10,1000.0,7,base.18,0.929036
50,7,res9,cifar10,1000.0,8,classifier,0.913715
